Instance,Customers,Domain,Candidate,Route Plan,Routing Provider,Route Feasible,LP Feasible,Candidate Feasible,Route Count,Route Cost,Route Runtime Sec,LP Runtime Sec,Total Runtime Sec,Planned Route Load Total,Planned Route Load Ratio,LP Backend,Score Metric,Score Value,Reason,lp_planning_scenarios_original,lp_planning_scenarios_used,lp_scenario_reduced,lp_original_total_demand_mean,lp_reduced_total_demand_mean,lp_original_total_demand_p90,lp_reduced_total_demand_p90,Objective Value Train,Optimized Load Total,mean_total_cost,p90_total_cost,cvar90_total_cost,mean_shortfall,p90_shortfall,stockout_rate,mean_surplus,mean_domain_loss,mean_load_penalty_loss,Winner Rank Metric,Risk Source Run,Source Chunk
X-n106-k14,105,atm,ortools:nominal_seed101_or_tools,nominal_seed101_or_tools,ortools,True,True,True,14,27425.0,4.999421119689941,0.7844493389129639,5.783870458602905,7864.0,0.9361904761904762,pulp_cbc,mean_domain_loss,2748.2930429128896,,180,60,True,8678.48886970813,8708.388879095239,10372.84775102459,10379.445766360304,6405.605381442355,8399.999995999999,30173.293042912894,31897.26599766773,33014.588640671966,695.5387654866415,1198.8336561409112,0.3797142857142857,1183.8874840021133,2748.2930429128896,0.0,mean_domain_loss,medium,
X-n106-k14,105,cargo,ortools:nominal_seed101_or_tools,nominal_seed101_or_tools,ortools,True,True,True,14,27425.0,4.999421119689941,0.7256789207458496,5.725100040435791,7864.0,0.9361904761904762,pulp_cbc,mean_domain_loss,2059.8620187528672,,180,60,True,8678.48886970813,8708.388879095239,10372.84775102459,10379.445766360304,5818.556281301745,8400.000001,29484.862018752865,30837.941343318787,31668.56657801956,694.2233660658711,1199.8059912198296,0.3771428571428571,1182.572089581343,2059.8620187528672,0.0,mean_domain_loss,medium,
X-n106-k14,105,cold_chain,ortools:nominal_seed101_or_tools,nominal_seed101_or_tools,ortools,True,True,True,14,27425.0,4.999421119689941,0.7223830223083496,5.721804141998291,7864.0,0.9361904761904762,pulp_cbc,mean_domain_loss,2788.6221849769317,,180,60,True,8678.48886970813,8708.388879095239,10372.84775102459,10379.445766360304,7070.766932443664,8350.391932999999,31734.38763257724,32651.33021729003,33396.906885872595,700.0981077344026,1202.1821621107174,0.3755238095238095,1138.8387632498743,2788.6221849769317,1520.7654476003015,mean_domain_loss,medium,
X-n106-k14,105,grocery,ortools:nominal_seed101_or_tools,nominal_seed101_or_tools,ortools,True,True,True,14,27425.0,4.999421119689941,0.7244720458984375,5.723893165588379,7864.0,0.9361904761904762,pulp_cbc,mean_domain_loss,1890.1919422785213,,180,60,True,8678.48886970813,8708.388879095239,10372.84775102459,10379.445766360304,3095.6896988900376,8388.949703,29315.19194227852,30074.13884247028,30648.304332195687,696.2345330595385,1199.2830349602723,0.3783809523809524,1173.5329585750103,1890.1919422785213,0.0,mean_domain_loss,medium,
X-n110-k13,109,atm,ortools:proxy_mean_scaled_or_tools,proxy_mean_scaled_or_tools,ortools,True,True,True,13,16439.0,4.99757981300354,0.7238273620605469,5.721407175064087,853.7099999999999,0.995,pulp_cbc,mean_domain_loss,364.1820445717232,,180,60,True,922.107056749831,926.0446089731709,1096.1448904465033,1097.6485758926672,757.6819555241201,858.0000011,16803.182044571724,17178.498124894657,17531.427140292948,94.04854094138712,202.60999770081904,0.4193577981651376,107.57653379123366,364.1820445717232,0.0,mean_domain_loss,medium,
X-n110-k13,109,cargo,ortools:proxy_mean_scaled_or_tools,proxy_mean_scaled_or_tools,ortools,True,True,True,13,16439.0,4.99757981300354,0.8212237358093262,5.818803548812866,853.7099999999999,0.995,pulp_cbc,mean_domain_loss,274.38095278114463,,180,60,True,922.107056749831,926.0446089731709,1096.1448904465033,1097.6485758926672,684.8107296216272,857.9999993,16713.380952781143,16994.327094824934,17266.817021762592,94.5299652896207,203.42703445925744,0.4241284403669725,108.05795633946722,274.38095278114463,0.0,mean_domain_loss,medium,
X-n110-k13,109,cold_chain,ortools:proxy_mean_scaled_or_tools,proxy_mean_scaled_or_tools,ortools,True,True,True,13,16439.0,4.99757981300354,0.8053743839263916,5.802954196929932,853.7099999999999,0.995,pulp_cbc,mean_domain_loss,340.68849751542524,,180,60,True,922.107056749831,926.0446089731709,1096.1448904465033,1097.6485758926672,797.633405042239,858.0000011,16941.109704982275,17154.105629773443,17407.801236644933,94.34325685393156,201.51886375905048,0.4180733944954128,107.87124970377806,340.68849751542524,161.4212074668497,mean_domain_loss,medium,
X-n110-k13,109,grocery,ortools:proxy_mean_scaled_or_tools,proxy_mean_scaled_or_tools,ortools,True,True,True,13,16439.0,4.99757981300354,0.714425802230835,5.712005615234375,853.7099999999999,0.995,pulp_cbc,mean_domain_loss,234.9093451197681,,180,60,True,922.107056749831,926.0446089731709,1096.1448904465033,1097.6485758926672,358.8240928507556,858.0000006,16673.90934511977,16848.55095941915,17039.479481751623,94.0175147468046,201.72546424081895,0.4166055045871559,107.5455070966511,234.9093451197681,0.0,mean_domain_loss,medium,
X-n115-k10,114,atm,ortools:nominal_seed101_or_tools,nominal_seed101_or_tools,ortools,True,True,True,10,13293.0,4.9994518756866455,0.7465560436248779,5.746007919311523,1535.0,0.908284023668639,pulp_cbc,mean_domain_loss,777.6402806709661,,180,60,True,1696.498515200886,1698.9645533588098,2024.6258510269995,2026.4340508376151,1371.6381350782935,1690.00000773,14070.640280670968,14828.350866665962,15391.205601509952,188.6269351328029,386.2844916160241,0.3783333333333333,281.4311012001081,777.6402806709661,0.0,mean_domain_loss,medium,
X-n115-k10,114,cargo,ortools:nominal_seed101_or_tools,nominal_seed101_or_tools,ortools,True,True,True,10,13293.0,4.9994518756866455,0.803525447845459,5.8029773235321045,1535.0,0.908284023668639,pulp_cbc,mean_domain_loss,582.5397757824704,,180,60,True,1696.498515200886,1698.9645533588098,2024.6258510269995,2026.4340508376151,1232.3173644133717,1690.00000283,13875.539775782468,14460.132819448823,14876.085129864829,191.0321699370128,393.4708423442263,0.3854385964912281,283.8363311043181,582.5397757824704,0.0,mean_domain_loss,medium,
X-n115-k10,114,cold_chain,ortools:nominal_seed101_or_tools,nominal_seed101_or_tools,ortools,True,True,True,10,13293.0,4.9994518756866455,0.7695567607879639,5.769008636474609,1535.0,0.908284023668639,pulp_cbc,mean_domain_loss,776.700882791405,,180,60,True,1696.498515200886,1698.9645533588098,2024.6258510269995,2026.4340508376151,1544.0816886347604,1689.9999948,14367.127331402244,14857.105419456697,15202.603524700728,188.50592564993528,383.3430804954208,0.3597368421052631,281.31007878724057,776.700882791405,297.4264486108382,mean_domain_loss,medium,
X-n115-k10,114,grocery,ortools:nominal_seed101_or_tools,nominal_seed101_or_tools,ortools,True,True,True,10,13293.0,4.9994518756866455,0.7105214595794678,5.709973335266113,1535.0,0.908284023668639,pulp_cbc,mean_domain_loss,522.2532530989699,,180,60,True,1696.498515200886,1698.9645533588098,2024.6258510269995,2026.4340508376151,683.8615511221763,1690.000009,13815.253253098974,14187.881287788585,14471.802398507129,188.68328626172715,386.3518170133175,0.3707894736842105,281.4874535990324,522.2532530989699,0.0,mean_domain_loss,medium,
X-n120-k6,119,atm,ortools:nominal_seed101_or_tools,nominal_seed101_or_tools,ortools,True,True,True,6,14404.0,4.996934413909912,1.0270013809204102,6.023935794830322,119.0,0.9444444444444444,pulp_cbc,mean_domain_loss,50.18015681760088,,180,60,True,133.52122460451002,133.78447753711538,155.4085028189589,155.70208638891222,105.61851985273104,125.99999993,14454.1801568176,14492.996443293772,14520.840236416534,13.026570547010255,24.22606299875746,0.4307563025210084,17.27124245079859,50.18015681760088,0.0,mean_domain_loss,medium,
X-n120-k6,119,cargo,ortools:nominal_seed101_or_tools,nominal_seed101_or_tools,ortools,True,True,True,6,14404.0,4.996934413909912,1.1463639736175537,6.143298387527466,119.0,0.9444444444444444,pulp_cbc,mean_domain_loss,38.39383626884781,,180,60,True,133.52122460451002,133.78447753711538,155.4085028189589,155.70208638891222,96.05719618921049,126.00000009,14442.393836268846,14472.654360725624,14494.043016835014,13.174552967930987,24.50665017117956,0.4349579831932773,17.419225031719325,38.39383626884781,0.0,mean_domain_loss,medium,
X-n120-k6,119,cold_chain,ortools:nominal_seed101_or_tools,nominal_seed101_or_tools,ortools,True,True,True,6,14404.0,4.996934413909912,1.0066215991973877,6.0035560131073,119.0,0.9444444444444444,pulp_cbc,mean_domain_loss,46.84196804803088,,180,60,True,133.52122460451002,133.78447753711538,155.4085028189589,155.70208638891222,111.2530195537686,123.98894292000004,14473.023733007642,14496.162463096032,14515.41366308164,13.187466250695168,24.4129656595649,0.4350420168067226,15.421081144483503,46.84196804803088,22.18176495961129,mean_domain_loss,medium,
X-n120-k6,119,grocery,ortools:nominal_seed101_or_tools,nominal_seed101_or_tools,ortools,True,True,True,6,14404.0,4.996934413909912,1.1323058605194092,6.129240274429321,119.0,0.9444444444444444,pulp_cbc,mean_domain_loss,32.559513820423966,,180,60,True,133.52122460451002,133.78447753711538,155.4085028189589,155.70208638891222,50.93720576685841,124.73241838999998,14436.55951382042,14454.654028904546,14469.678984814524,13.069735748212755,24.29971152144355,0.4336974789915966,16.046826112001092,32.559513820423966,0.0,mean_domain_loss,medium,
X-n129-k18,128,atm,ortools:robust_mean_1std_scaled_seed113_or_tools,robust_mean_1std_scaled_seed113_or_tools,ortools,True,True,True,18,33799.0,4.998306751251221,0.940281629562378,5.938588380813599,698.4899999999999,0.995,pulp_cbc,mean_domain_loss,299.72499004697625,,180,60,True,727.1353695075978,729.545141336595,853.7757199603714,854.5229848707611,580.9015029184474,702.00000185,34098.724990046976,34319.071955875115,34594.04450805763,76.37821020472867,137.08297322674233,0.415078125,91.46514292652938,299.72499004697625,0.0,mean_domain_loss,medium,
X-n129-k18,128,cargo,ortools:robust_mean_2std_scaled_or_tools,robust_mean_2std_scaled_or_tools,ortools,True,True,True,18,33757.0,5.003014802932739,0.9605023860931396,5.963517189025879,698.4900000000001,0.9950000000000002,pulp_cbc,mean_domain_loss,222.98350203425397,,180,60,True,727.1353695075978,729.545141336595,853.7757199603714,854.5229848707611,524.8954195619019,702.0000006600001,33979.98350203426,34149.544794864174,34352.65168309516,76.89964500257497,137.8564578012109,0.40765625,91.98657653437571,222.98350203425397,0.0,mean_domain_loss,medium,
X-n129-k18,128,cold_chain,ortools:robust_mean_1std_scaled_seed113_or_tools,robust_mean_1std_scaled_seed113_or_tools,ortools,True,True,True,18,33799.0,4.998306751251221,1.004490852355957,6.002797603607178,698.4899999999999,0.995,pulp_cbc,mean_domain_loss,284.21520884216176,,180,60,True,727.1353695075978,729.545141336595,853.7757199603714,854.5229848707611,636.1036092692957,702.00000194,34212.64319152196,34360.477864709006,34528.65928034541,76.47260269923791,136.43498046314863,0.40828125,91.55953551103865,284.21520884216176,129.4279826797938,mean_domain_loss,medium,
X-n129-k18,128,grocery,ortools:robust_mean_1std_scaled_seed113_or_tools,robust_mean_1std_scaled_seed113_or_tools,ortools,True,True,True,18,33799.0,4.998306751251221,0.9154863357543944,5.913793087005615,698.4899999999999,0.995,pulp_cbc,mean_domain_loss,194.5715418976228,,180,60,True,727.1353695075978,729.545141336595,853.7757199603714,854.5229848707611,275.95965502423365,702.00000108,33993.57154189762,34107.08635967669,34241.078120680344,76.35847208783456,137.5767669847423,0.415625,91.44540403963528,194.5715418976228,0.0,mean_domain_loss,medium,
X-n134-k13,133,atm,ortools:nominal_seed101_or_tools,nominal_seed101_or_tools,ortools,True,True,True,13,12635.0,4.999899625778198,0.938624620437622,5.93852424621582,8220.0,0.9833712166527095,pulp_cbc,mean_domain_loss,3793.488372404494,,180,60,True,9183.395205809104,9198.564456324051,11030.147738079117,11050.704860248838,8181.241689470445,8358.9999938,16428.488372404492,18852.32724406231,22466.34765497997,994.3124860229708,1691.3831556442867,0.4612781954887218,932.3880986914512,3793.488372404494,0.0,mean_domain_loss,medium,
X-n134-k13,133,cargo,ortools:quantile_p75_scaled_or_tools,quantile_p75_scaled_or_tools,ortools,True,True,True,13,15401.0,5.0022873878479,0.8517699241638184,5.854057312011719,8317.205,0.995,pulp_cbc,mean_domain_loss,2783.165318312376,,180,60,True,9183.395205809104,9198.564456324051,11030.147738079117,11050.704860248838,7213.58105407049,8358.9999809,18184.16531831237,19998.655843704608,22646.164118141158,1002.4450453097622,1697.0606282270785,0.4486466165413534,940.5206450782426,2783.165318312376,0.0,mean_domain_loss,medium,
X-n134-k13,133,cold_chain,ortools:nominal_seed103_or_tools,nominal_seed103_or_tools,ortools,True,True,True,13,12210.0,5.003038644790649,0.8587603569030762,5.861799001693726,8220.0,0.9833712166527095,pulp_cbc,mean_domain_loss,3398.9587597186837,,180,60,True,9183.395205809104,9198.564456324051,11030.147738079117,11050.704860248838,8146.56082611847,8358.9999909,16959.807652413565,18412.324460591084,20877.92189584178,993.1099813341538,1682.9397337862154,0.4563157894736842,931.185591102634,3398.9587597186837,1350.8488926948796,mean_domain_loss,medium,
X-n134-k13,133,grocery,ortools:robust_mean_1std_scaled_or_tools,robust_mean_1std_scaled_or_tools,ortools,True,True,True,13,14509.0,5.00058913230896,0.957064151763916,5.957653284072876,8317.205000000002,0.9950000000000002,pulp_cbc,mean_domain_loss,2369.4823242808843,,180,60,True,9183.395205809104,9198.564456324051,11030.147738079117,11050.704860248838,3796.889004123346,8359.000001100001,16878.48232428088,18029.11126920094,19937.619314711927,994.7295539024976,1694.447638133087,0.462406015037594,932.805173870978,2369.4823242808843,0.0,mean_domain_loss,medium,
X-n139-k10,138,atm,ortools:proxy_mean_scaled_seed109_or_tools,proxy_mean_scaled_seed109_or_tools,ortools,True,True,True,10,15996.0,5.014383316040039,1.0764892101287842,6.090872526168823,1054.7000000000005,0.9950000000000002,pulp_cbc,mean_domain_loss,427.4948558806679,,180,60,True,1146.307606641427,1148.216888591183,1334.618975008724,1335.9433230902955,888.6517368171814,1059.9999979999998,16423.49485588067,16714.841359212412,17075.98626602267,110.64455332501736,191.68507106394105,0.4182608695652174,129.25476519491315,427.4948558806679,0.0,mean_domain_loss,medium,
X-n139-k10,138,cargo,ortools:proxy_mean_scaled_seed109_or_tools,proxy_mean_scaled_seed109_or_tools,ortools,True,True,True,10,15996.0,5.014383316040039,1.164900302886963,6.179283618927002,1054.7000000000005,0.9950000000000002,pulp_cbc,mean_domain_loss,320.9994606549765,,180,60,True,1146.307606641427,1148.216888591183,1334.618975008724,1335.9433230902955,791.7064094341592,1059.9999996,16316.99946065498,16536.839355242155,16815.481784866362,111.0908864189847,190.17301264182117,0.417391304347826,129.70109988888052,320.9994606549765,0.0,mean_domain_loss,medium,
X-n139-k10,138,cold_chain,ortools:proxy_mean_scaled_seed109_or_tools,proxy_mean_scaled_seed109_or_tools,ortools,True,True,True,10,15996.0,5.014383316040039,1.1199195384979248,6.134302854537964,1054.7000000000005,0.9950000000000002,pulp_cbc,mean_domain_loss,399.6249669131768,,180,60,True,1146.307606641427,1148.216888591183,1334.618975008724,1335.9433230902955,938.7640299072956,1059.9999997999998,16593.194023154,16755.168644750025,17002.77544858774,110.55896859393955,189.4562583350963,0.4138405797101449,129.16918226383532,399.6249669131768,197.56905624082336,mean_domain_loss,medium,
X-n139-k10,138,grocery,ortools:proxy_mean_scaled_seed109_or_tools,proxy_mean_scaled_seed109_or_tools,ortools,True,True,True,10,15996.0,5.014383316040039,1.0321433544158936,6.046526670455933,1054.7000000000005,0.9950000000000002,pulp_cbc,mean_domain_loss,276.55208978727006,,180,60,True,1146.307606641427,1148.216888591183,1334.618975008724,1335.9433230902955,427.63902597398175,1060.0000016,16272.552089787268,16409.477644848226,16594.71247411775,110.58709945138504,191.87446250033625,0.4168115942028985,129.19731492128082,276.55208978727006,0.0,mean_domain_loss,medium,
X-n143-k7,142,atm,ortools:robust_mean_1std_scaled_or_tools,robust_mean_1std_scaled_or_tools,ortools,True,True,True,7,18403.0,4.999201059341431,1.1209378242492676,6.120138883590698,8288.350000000002,0.9950000000000002,pulp_cbc,mean_domain_loss,2511.6138550479022,,180,60,True,8295.848620495428,8316.617424477572,9916.867451961063,9925.630118934274,5514.868911251419,8330.000010799999,20914.613855047905,22847.5172796419,25755.725236701543,614.381937916932,1158.4488245233094,0.312112676056338,1397.7144430175604,2511.6138550479022,0.0,mean_domain_loss,medium,
X-n143-k7,142,cargo,ortools:robust_mean_1std_scaled_seed113_or_tools,robust_mean_1std_scaled_seed113_or_tools,ortools,True,True,True,7,18450.0,4.999038219451904,1.2733588218688965,6.272397041320801,8288.350000000002,0.9950000000000002,pulp_cbc,mean_domain_loss,1859.032131740104,,180,60,True,8295.848620495428,8316.617424477572,9916.867451961063,9925.630118934274,4942.614716578441,8329.9999981,20309.032131740107,21851.210250489406,23974.71802967269,619.3765074324573,1171.2505576435335,0.3077464788732394,1402.7089998330862,1859.032131740104,0.0,mean_domain_loss,medium,
X-n143-k7,142,cold_chain,ortools:quantile_p75_scaled_seed107_or_tools,quantile_p75_scaled_seed107_or_tools,ortools,True,True,True,7,18166.0,5.00028395652771,1.1021599769592283,6.1024439334869385,8288.35,0.995,pulp_cbc,mean_domain_loss,2819.240662672717,,180,60,True,8295.848620495428,8316.617424477572,9916.867451961063,9925.630118934274,6541.495422091863,8330.0000341,22514.38479389213,23531.402396598656,25396.830466562657,613.1865903011477,1151.1217330169868,0.3021830985915493,1396.5191187017765,2819.240662672717,1529.1441312194188,mean_domain_loss,medium,
X-n143-k7,142,grocery,ortools:proxy_mean_or_tools,proxy_mean_or_tools,ortools,True,True,True,7,20036.0,4.995463132858276,1.0374231338500977,6.032886266708374,8295.848620495428,0.9959001945372664,pulp_cbc,mean_domain_loss,1846.713916087609,,180,60,True,8295.848620495428,8316.617424477572,9916.867451961063,9925.630118934274,2776.887498887992,8330.0000061,21882.71391608761,22769.15103084227,24188.093809402115,611.5580752882416,1158.0557936589523,0.3069014084507042,1394.8905756888705,1846.713916087609,0.0,mean_domain_loss,medium,
X-n162-k11,161,atm,ortools:nominal_or_tools,nominal_or_tools,ortools,True,True,True,11,14799.0,4.994436979293823,1.1331307888031006,6.127567768096924,12194.0,0.9442465541273036,pulp_cbc,mean_domain_loss,4815.576575626586,,180,60,True,14041.602423680102,14059.25864279868,17116.69937454782,17172.81426272881,12187.46619869358,12913.99999,19614.576575626583,22903.230517339038,26270.25607407974,1228.5435367861394,2130.114640664357,0.4003726708074534,1735.0246155523332,4815.576575626586,0.0,mean_domain_loss,medium,
X-n162-k11,161,cargo,ortools:nominal_or_tools,nominal_or_tools,ortools,True,True,True,11,14799.0,4.994436979293823,1.1215856075286863,6.11602258682251,12194.0,0.9442465541273036,pulp_cbc,mean_domain_loss,3661.7074902174654,,180,60,True,14041.602423680102,14059.25864279868,17116.69937454782,17172.81426272881,11085.541692403229,12914.000009,18460.707490217468,21008.98892420846,23574.66504764434,1252.2360304643207,2152.1801099420727,0.4085093167701863,1758.7171282305142,3661.7074902174654,0.0,mean_domain_loss,medium,
X-n162-k11,161,cold_chain,ortools:nominal_or_tools,nominal_or_tools,ortools,True,True,True,11,14799.0,4.994436979293823,1.2480242252349854,6.242461204528809,12194.0,0.9442465541273036,pulp_cbc,mean_domain_loss,4726.172248459723,,180,60,True,14041.602423680102,14059.25864279868,17116.69937454782,17172.81426272881,12575.042900702343,12913.999961,21918.516629208934,23770.23902811949,26018.48811481085,1237.1936827554364,2136.7131353555105,0.3942857142857143,1743.6747325216304,4726.172248459723,2393.3443807492167,mean_domain_loss,medium,
X-n162-k11,161,grocery,ortools:nominal_or_tools,nominal_or_tools,ortools,True,True,True,11,14799.0,4.994436979293823,1.3019070625305176,6.296344041824341,12194.0,0.9442465541273036,pulp_cbc,mean_domain_loss,3213.922116205976,,180,60,True,14041.602423680102,14059.25864279868,17116.69937454782,17172.81426272881,5721.170901380655,12913.999993,18012.922116205977,19548.813723352323,21259.90212961466,1229.6194824537952,2133.3422478339885,0.3975776397515528,1736.1005642199889,3213.922116205976,0.0,mean_domain_loss,medium,
X-n167-k10,166,atm,ortools:robust_mean_1std_scaled_seed113_or_tools,robust_mean_1std_scaled_seed113_or_tools,ortools,True,True,True,10,22558.0,5.00585412979126,1.2068355083465576,6.212689638137817,1323.35,0.995,pulp_cbc,mean_domain_loss,443.57169432582623,,180,60,True,1338.4496844448638,1339.8281173836035,1575.9630876437734,1578.5498416441526,850.0595237147869,1330.0000002000002,23001.571694325827,23375.68463463941,23583.84269647236,112.61701322242384,217.17407086535545,0.3768072289156626,181.48962105948485,443.57169432582623,0.0,mean_domain_loss,medium,
X-n167-k10,166,cargo,ortools:robust_mean_1std_scaled_seed113_or_tools,robust_mean_1std_scaled_seed113_or_tools,ortools,True,True,True,10,22558.0,5.00585412979126,1.2353718280792236,6.241225957870483,1323.35,0.995,pulp_cbc,mean_domain_loss,333.1214998580355,,180,60,True,1338.4496844448638,1339.8281173836035,1575.9630876437734,1578.5498416441526,763.1216991309101,1330.0000020000002,22891.12149985804,23173.448875859896,23338.761176378342,113.39291239214442,217.5033952264013,0.3760843373493976,182.2655220292055,333.1214998580355,0.0,mean_domain_loss,medium,
X-n167-k10,166,cold_chain,ortools:robust_mean_1std_scaled_seed113_or_tools,robust_mean_1std_scaled_seed113_or_tools,ortools,True,True,True,10,22558.0,5.00585412979126,1.221670150756836,6.227524280548096,1323.35,0.995,pulp_cbc,mean_domain_loss,448.8709779242532,,180,60,True,1338.4496844448638,1339.8281173836035,1575.9630876437734,1578.5498416441526,1003.0314305104326,1330.0,23249.55101040475,23468.00981151908,23595.232435913396,112.96182990595324,217.271773707719,0.3717469879518072,181.83443754301436,448.8709779242532,242.6800324804928,mean_domain_loss,medium,
X-n167-k10,166,grocery,ortools:robust_mean_1std_scaled_seed113_or_tools,robust_mean_1std_scaled_seed113_or_tools,ortools,True,True,True,10,22558.0,5.00585412979126,1.2203426361083984,6.226196765899658,1323.35,0.995,pulp_cbc,mean_domain_loss,303.30028328423714,,180,60,True,1338.4496844448638,1339.8281173836035,1575.9630876437734,1578.5498416441526,424.4579198122792,1329.9999993,22861.300283284243,23038.06990294911,23139.65449216555,112.4312514062147,217.06014526593472,0.3751204819277108,181.3038583432757,303.30028328423714,0.0,mean_domain_loss,medium,
X-n181-k23,180,atm,ortools:quantile_p75_scaled_seed107_or_tools,quantile_p75_scaled_seed107_or_tools,ortools,True,True,True,23,26255.0,5.000982999801636,1.5289130210876465,6.529896020889282,183.08000000000004,0.9950000000000002,pulp_cbc,mean_domain_loss,75.5893669804617,,180,60,True,197.95924832567653,198.6785845016122,228.80907667940576,229.20917736249467,158.06056568742906,184.00000022,26330.589366980465,26383.024181172324,26450.403053747454,19.80799910640391,34.71836346530957,0.4266111111111111,21.603346770508416,75.5893669804617,0.0,mean_domain_loss,medium,
X-n181-k23,180,cargo,ortools:quantile_p75_scaled_seed107_or_tools,quantile_p75_scaled_seed107_or_tools,ortools,True,True,True,23,26255.0,5.000982999801636,1.3528308868408203,6.353813886642456,183.08000000000004,0.9950000000000002,pulp_cbc,mean_domain_loss,57.482577926018486,,180,60,True,197.95924832567653,198.6785845016122,228.80907667940576,229.20917736249467,144.33978298318755,183.99999951,26312.482577926017,26354.776197299943,26404.542015584677,19.91603086795269,35.043674443156355,0.4287222222222222,21.711377822057205,57.482577926018486,0.0,mean_domain_loss,medium,
X-n181-k23,180,cold_chain,ortools:quantile_p75_scaled_seed107_or_tools,quantile_p75_scaled_seed107_or_tools,ortools,True,True,True,23,26255.0,5.000982999801636,1.278658390045166,6.279641389846802,183.08000000000004,0.9950000000000002,pulp_cbc,mean_domain_loss,69.40891443041494,,180,60,True,197.95924832567653,198.6785845016122,228.80907667940576,229.20917736249467,164.8841809777404,184.00000006,26357.49487708177,26387.35793077293,26433.802984662896,19.821082064790083,34.795050584920475,0.4261111111111111,21.6164295688946,69.40891443041494,33.085962651351984,mean_domain_loss,medium,
X-n181-k23,180,grocery,ortools:quantile_p75_scaled_seed107_or_tools,quantile_p75_scaled_seed107_or_tools,ortools,True,True,True,23,26255.0,5.000982999801636,1.2802131175994873,6.281196117401123,183.08000000000004,0.9950000000000002,pulp_cbc,mean_domain_loss,48.367021214852095,,180,60,True,197.95924832567653,198.6785845016122,228.80907667940576,229.20917736249467,74.11616984425967,184.00000019,26303.367021214854,26327.92314247595,26363.030564953147,19.767014887174074,34.75272456671374,0.4263888888888889,21.562362521278587,48.367021214852095,0.0,mean_domain_loss,medium,
X-n186-k15,185,atm,ortools:nominal_seed103_or_tools,nominal_seed103_or_tools,ortools,True,True,True,15,26466.0,5.000753879547119,1.855189323425293,6.855943202972412,13853.0,0.948186173853525,pulp_cbc,mean_domain_loss,5778.326281704928,,180,60,True,15309.918049106676,15348.692003297172,18004.971786960705,18023.35742731036,11566.681205932491,14610.000012,32244.326281704925,38184.90321673186,43498.02694713236,1473.9243333231466,3144.793098379691,0.3857297297297297,2098.398137600407,5778.326281704928,0.0,mean_domain_loss,medium,
X-n186-k15,185,cargo,ortools:nominal_seed103_or_tools,nominal_seed103_or_tools,ortools,True,True,True,15,26466.0,5.000753879547119,1.6182034015655518,6.618957281112671,13853.0,0.948186173853525,pulp_cbc,mean_domain_loss,4391.589358851886,,180,60,True,15309.918049106676,15348.692003297172,18004.971786960705,18023.35742731036,10514.98606145589,14610.000032,30857.58935885188,35488.395017631294,39504.50846831729,1477.8506845502195,3144.026060069104,0.3843243243243243,2102.3245088274803,4391.589358851886,0.0,mean_domain_loss,medium,
X-n186-k15,185,cold_chain,ortools:nominal_seed103_or_tools,nominal_seed103_or_tools,ortools,True,True,True,15,26466.0,5.000753879547119,1.582275629043579,6.583029508590698,13853.0,0.948186173853525,pulp_cbc,mean_domain_loss,5618.8257514309325,,180,60,True,15309.918049106676,15348.692003297172,18004.971786960705,18023.35742731036,12586.363553424228,14541.915536,34772.917499021045,38150.58029659102,41937.3365051566,1484.7589424199,3143.4693836956994,0.3831891891891892,2041.1482706971603,5618.8257514309325,2688.0917475901147,mean_domain_loss,medium,
X-n186-k15,185,grocery,ortools:nominal_seed103_or_tools,nominal_seed103_or_tools,ortools,True,True,True,15,26466.0,5.000753879547119,1.646758794784546,6.647512674331665,13853.0,0.948186173853525,pulp_cbc,mean_domain_loss,3839.994739193153,,180,60,True,15309.918049106676,15348.692003297172,18004.971786960705,18023.35742731036,5581.42806347196,14581.667372,30305.99473919316,33068.18338640818,35902.367876051845,1475.0230286701565,3142.394194532448,0.3848108108108108,2071.164192947417,3839.994739193153,0.0,mean_domain_loss,medium,
X-n190-k8,189,atm,ortools:robust_mean_1std_scaled_or_tools,robust_mean_1std_scaled_or_tools,ortools,True,True,True,8,18347.0,4.999847412109375,1.339967966079712,6.339815378189087,1098.4799999999996,0.9949999999999996,pulp_cbc,mean_domain_loss,486.7975107867703,,180,60,True,1163.1102271100574,1164.541932744727,1415.5336601339425,1417.944225661104,925.0354988030278,1104.00000142,18833.79751078677,19279.05887083007,19709.1121305144,123.8399555855021,246.1561657576136,0.4202645502645503,147.7317027086958,486.7975107867703,0.0,mean_domain_loss,medium,
X-n190-k8,189,cargo,ortools:robust_mean_1std_scaled_or_tools,robust_mean_1std_scaled_or_tools,ortools,True,True,True,8,18347.0,4.999847412109375,1.5126402378082275,6.5124876499176025,1098.4799999999996,0.9949999999999996,pulp_cbc,mean_domain_loss,366.3573426887777,,180,60,True,1163.1102271100574,1164.541932744727,1415.5336601339425,1417.944225661104,834.5623696522338,1104.00000137,18713.35734268878,19058.23533156876,19381.32704611999,124.11629725612396,246.1460293015799,0.4159259259259259,148.00804432931764,366.3573426887777,0.0,mean_domain_loss,medium,
X-n190-k8,189,cold_chain,ortools:robust_mean_1std_scaled_or_tools,robust_mean_1std_scaled_or_tools,ortools,True,True,True,8,18347.0,4.999847412109375,1.388413667678833,6.388261079788208,1098.4799999999996,0.9949999999999996,pulp_cbc,mean_domain_loss,461.1411929323377,,180,60,True,1163.1102271100574,1164.541932744727,1415.5336601339425,1417.944225661104,1009.9914191375104,1104.0000011000002,19023.38724823743,19280.95831342806,19585.69566816088,124.01084418604418,244.9125030394224,0.4113756613756614,147.90259098923786,461.1411929323377,215.2460553050928,mean_domain_loss,medium,
X-n190-k8,189,grocery,ortools:robust_mean_1std_scaled_or_tools,robust_mean_1std_scaled_or_tools,ortools,True,True,True,8,18347.0,4.999847412109375,1.502608060836792,6.502455472946167,1098.4799999999996,0.9949999999999996,pulp_cbc,mean_domain_loss,316.5356045261514,,180,60,True,1163.1102271100574,1164.541932744727,1415.5336601339425,1417.944225661104,442.6805005854416,1103.9999991600002,18663.53560452615,18871.33342823172,19101.45789321341,123.91005098782853,246.0422715889854,0.4185185185185185,147.80179585102218,316.5356045261514,0.0,mean_domain_loss,medium,
X-n204-k19,203,atm,ortools:nominal_seed101_or_tools,nominal_seed101_or_tools,ortools,True,True,True,19,21450.0,5.00185751914978,1.7686238288879397,6.77048134803772,15135.0,0.9528456308234702,pulp_cbc,mean_domain_loss,6612.442561468163,,180,60,True,16657.037292963792,16667.364983390977,19151.0805427942,19176.69172760544,11687.61690083825,15884.000009,28062.44256146816,34039.706435965774,40026.09865013864,1711.9969433315214,3396.6665551541746,0.4229556650246305,1994.97811241645,6612.442561468163,0.0,mean_domain_loss,medium,
X-n204-k19,203,cargo,ortools:nominal_seed101_or_tools,nominal_seed101_or_tools,ortools,True,True,True,19,21450.0,5.00185751914978,1.8299427032470703,6.831800222396851,15135.0,0.9528456308234702,pulp_cbc,mean_domain_loss,5015.905329061885,,180,60,True,16657.037292963792,16667.364983390977,19151.0805427942,19176.69172760544,10474.373424669186,15884.000005999998,26465.90532906189,31026.50263204124,35608.90397645413,1720.4090171393825,3386.8647691657347,0.4217733990147783,2003.3901832243116,5015.905329061885,0.0,mean_domain_loss,medium,
X-n204-k19,203,cold_chain,ortools:nominal_or_tools,nominal_or_tools,ortools,True,True,True,19,21321.0,5.000798940658569,1.4354264736175537,6.436225414276123,15135.0,0.9528456308234702,pulp_cbc,mean_domain_loss,6186.367376960642,,180,60,True,16657.037292963792,16667.364983390977,19151.0805427942,19176.69172760544,12951.483167718245,15884.000012000002,30455.570946522534,33832.01540299277,38059.87623559375,1712.590640779937,3345.0853517041123,0.4156650246305419,1995.5718128648653,6186.367376960642,2948.2035695618933,mean_domain_loss,medium,
X-n204-k19,203,grocery,ortools:nominal_or_tools,nominal_or_tools,ortools,True,True,True,19,21321.0,5.000798940658569,1.503725290298462,6.504524230957031,15135.0,0.9528456308234702,pulp_cbc,mean_domain_loss,4265.756337547114,,180,60,True,16657.037292963792,16667.364983390977,19151.0805427942,19176.69172760544,5740.573241539229,15884.000013,25586.75633754711,28370.659568766125,31557.281509044395,1710.3420510208691,3365.527033055913,0.4192118226600985,1993.3232241057976,4265.756337547114,0.0,mean_domain_loss,medium,
X-n209-k16,208,atm,ortools:quantile_p75_scaled_or_tools,quantile_p75_scaled_or_tools,ortools,True,True,True,16,32977.0,5.000759363174439,1.1484146118164062,6.149173974990845,1607.92,0.995,pulp_cbc,mean_domain_loss,637.8894045413869,,180,60,True,1728.5373708196844,1732.707831817492,2088.5534407537966,2090.6974809885087,1372.5412483280318,1616.0000008000002,33614.88940454138,34108.88952843058,34635.957119566585,164.569628905614,305.57403876680326,0.4148076923076923,205.3184325106189,637.8894045413869,0.0,mean_domain_loss,medium,
X-n209-k16,208,cargo,ortools:quantile_p75_scaled_or_tools,quantile_p75_scaled_or_tools,ortools,True,True,True,16,32977.0,5.000759363174439,1.2443995475769043,6.245158910751343,1607.92,0.995,pulp_cbc,mean_domain_loss,482.5122508752145,,180,60,True,1728.5373708196844,1732.707831817492,2088.5534407537966,2090.6974809885087,1243.9732027693776,1616.0000008,33459.51225087522,33835.39740980731,34238.84797934382,165.25658029646547,304.1715606080648,0.4133173076923077,206.00538390147037,482.5122508752145,0.0,mean_domain_loss,medium,
X-n209-k16,208,cold_chain,ortools:quantile_p75_scaled_or_tools,quantile_p75_scaled_or_tools,ortools,True,True,True,16,32977.0,5.000759363174439,1.185831069946289,6.186590433120728,1607.92,0.995,pulp_cbc,mean_domain_loss,605.6372658704969,,180,60,True,1728.5373708196844,1732.707831817492,2088.5534407537966,2090.6974809885087,1454.1641727782514,1616.0000015,33880.4868771417,34160.00953843578,34516.28228905772,164.42007036760796,306.176395655044,0.4105288461538461,205.1688746726128,605.6372658704969,297.8496112712052,mean_domain_loss,medium,
X-n209-k16,208,grocery,ortools:quantile_p75_scaled_or_tools,quantile_p75_scaled_or_tools,ortools,True,True,True,16,32977.0,5.000759363174439,1.2717556953430176,6.272515058517456,1607.92,0.995,pulp_cbc,mean_domain_loss,417.0369199489994,,180,60,True,1728.5373708196844,1732.707831817492,2088.5534407537966,2090.6974809885087,650.4840719819892,1615.9999982999998,33394.036919949,33621.02380156514,33895.30466079464,164.3370538234293,305.5669956304337,0.4125961538461538,205.0858549284342,417.0369199489994,0.0,mean_domain_loss,medium,
X-n223-k34,222,atm,ortools:robust_mean_1std_scaled_or_tools,robust_mean_1std_scaled_or_tools,ortools,True,True,True,34,47633.0,4.999718904495239,1.1795082092285156,6.179227113723755,1251.7100000000005,0.9950000000000002,pulp_cbc,mean_domain_loss,605.468509961756,,180,60,True,1378.2518636282953,1385.8779151195247,1599.402231662014,1602.47449459314,1259.9890101524925,1258.00000108,48238.46850996176,48702.41318129694,49221.71756516238,155.73458338918837,282.4448502762177,0.4545045045045045,151.99107179584848,605.468509961756,0.0,mean_domain_loss,medium,
X-n223-k34,222,cargo,ortools:robust_mean_1std_scaled_or_tools,robust_mean_1std_scaled_or_tools,ortools,True,True,True,34,47633.0,4.999718904495239,1.2643468379974363,6.264065742492676,1251.7100000000005,0.9950000000000002,pulp_cbc,mean_domain_loss,453.2221092278894,,180,60,True,1378.2518636282953,1385.8779151195247,1599.402231662014,1602.47449459314,1133.9010321173682,1258.00000022,48086.2221092279,48435.60582672568,48830.767534054256,155.86393391692275,282.5239361824813,0.4399549549549549,152.1204214635829,453.2221092278894,0.0,mean_domain_loss,medium,
X-n223-k34,222,cold_chain,ortools:robust_mean_1std_scaled_or_tools,robust_mean_1std_scaled_or_tools,ortools,True,True,True,34,47633.0,4.999718904495239,1.1084167957305908,6.10813570022583,1251.7100000000005,0.9950000000000002,pulp_cbc,mean_domain_loss,550.1291828704235,,180,60,True,1378.2518636282953,1385.8779151195247,1599.402231662014,1602.47449459314,1292.5685490313872,1257.99999961,48424.999761371975,48684.445882804896,49064.26089399091,155.79202578393782,282.36922328321214,0.4450900900900901,152.04851272059793,550.1291828704235,241.87057850154997,mean_domain_loss,medium,
X-n223-k34,222,grocery,ortools:robust_mean_1std_scaled_or_tools,robust_mean_1std_scaled_or_tools,ortools,True,True,True,34,47633.0,4.999718904495239,1.2717382907867432,6.271457195281982,1251.7100000000005,0.9950000000000002,pulp_cbc,mean_domain_loss,381.0501629082252,,180,60,True,1378.2518636282953,1385.8779151195247,1599.402231662014,1602.47449459314,586.3297335775185,1257.99999769,48014.05016290822,48227.333541403765,48510.784847867806,155.6225629808054,282.31757717402826,0.4525225225225225,151.87904799746556,381.0501629082252,0.0,mean_domain_loss,medium,
X-n228-k23,227,atm,ortools:proxy_mean_scaled_or_tools,proxy_mean_scaled_or_tools,ortools,True,True,True,23,33383.0,5.0014495849609375,1.2113845348358154,6.212834119796753,3524.2900000000004,0.995,pulp_cbc,mean_domain_loss,1931.0868540360768,,180,60,True,3871.187173963408,3880.369089269405,4574.970830957401,4579.389746009339,3690.1591800177134,3542.00000391,35314.08685403608,36591.88263581611,37794.38698347174,480.3454253337775,811.3822012937558,0.4742290748898678,452.66236937074376,1931.0868540360768,0.0,mean_domain_loss,medium,
X-n228-k23,227,cargo,ortools:proxy_mean_scaled_or_tools,proxy_mean_scaled_or_tools,ortools,True,True,True,23,33383.0,5.0014495849609375,1.274533987045288,6.275983572006226,3524.2900000000004,0.995,pulp_cbc,mean_domain_loss,1452.3115572460183,,180,60,True,3871.187173963408,3880.369089269405,4574.970830957401,4579.389746009339,3282.699525840719,3541.99999474,34835.31155724602,35834.117259358805,36715.16126441839,484.42517647752817,812.5304730648375,0.4706167400881057,456.7421113444945,1452.3115572460183,0.0,mean_domain_loss,medium,
X-n228-k23,227,cold_chain,ortools:proxy_mean_scaled_or_tools,proxy_mean_scaled_or_tools,ortools,True,True,True,23,33383.0,5.0014495849609375,1.1958556175231934,6.197305202484131,3524.2900000000004,0.995,pulp_cbc,mean_domain_loss,1750.4527513020262,,180,60,True,3871.187173963408,3880.369089269405,4574.970830957401,4579.389746009339,3684.697210189243,3542.0000009200003,35703.7865983556,36474.46064509625,37329.80814094097,482.0631548481895,810.6504211584759,0.4716299559471366,454.3800958951558,1750.4527513020262,570.3338470535714,mean_domain_loss,medium,
X-n228-k23,227,grocery,ortools:proxy_mean_scaled_or_tools,proxy_mean_scaled_or_tools,ortools,True,True,True,23,33383.0,5.0014495849609375,1.1480364799499512,6.149486064910889,3524.2900000000004,0.995,pulp_cbc,mean_domain_loss,1208.4218402323977,,180,60,True,3871.187173963408,3880.369089269405,4574.970830957401,4579.389746009339,1762.0176232923152,3541.99999892,34591.4218402324,35210.67442526068,35852.52326626371,479.2656645989917,810.1528224832597,0.4694273127753304,451.5826036459582,1208.4218402323977,0.0,mean_domain_loss,medium,
X-n237-k14,236,atm,ortools:quantile_p75_scaled_seed107_or_tools,quantile_p75_scaled_seed107_or_tools,ortools,True,True,True,14,29173.0,5.0002381801605225,1.406763792037964,6.407001972198486,250.74,0.995,pulp_cbc,mean_domain_loss,106.82833897680854,,180,60,True,263.8174816145851,264.3221102784825,313.4568471108956,314.5631472546253,235.711182502093,237.72165758,29279.82833897681,29361.13547778648,29446.65408947453,28.234927406975093,51.08679683996025,0.4705084745762712,25.45946628993504,106.82833897680854,0.0,mean_domain_loss,medium,
X-n237-k14,236,cargo,ortools:nominal_seed103_or_tools,nominal_seed103_or_tools,ortools,True,True,True,14,28519.0,5.000946521759033,1.4574973583221436,6.458443880081177,236.0,0.9365079365079364,pulp_cbc,mean_domain_loss,81.05429190005287,,180,60,True,263.8174816145851,264.3221102784825,313.4568471108956,314.5631472546253,215.84810912176667,237.93170131,28600.054291900055,28661.055695346746,28727.37492892855,28.38435547908936,51.02773507780919,0.4724576271186441,25.818938092049315,81.05429190005287,0.0,mean_domain_loss,medium,
X-n237-k14,236,cold_chain,ortools:nominal_seed103_or_tools,nominal_seed103_or_tools,ortools,True,True,True,14,28519.0,5.000946521759033,1.4914872646331787,6.492433786392212,236.0,0.9365079365079364,pulp_cbc,mean_domain_loss,94.18301415629736,,180,60,True,263.8174816145851,264.3221102784825,313.4568471108956,314.5631472546253,236.0223314249505,236.90640743,28656.143926822104,28706.613844731542,28763.913542948263,28.29004901046499,51.15471208415687,0.4688983050847458,24.699337743424948,94.18301415629736,42.96091266580893,mean_domain_loss,medium,
X-n237-k14,236,grocery,ortools:nominal_seed103_or_tools,nominal_seed103_or_tools,ortools,True,True,True,14,28519.0,5.000946521759033,1.3647034168243408,6.365649938583374,236.0,0.9365079365079364,pulp_cbc,mean_domain_loss,66.3803768494011,,180,60,True,263.8174816145851,264.3221102784825,313.4568471108956,314.5631472546253,108.07104352760548,236.85561277,28585.380376849404,28625.11478690261,28669.23725882365,28.230884293914347,51.11796167320863,0.4702966101694915,24.589378366874303,66.3803768494011,0.0,mean_domain_loss,medium,
X-n242-k48,241,atm,ortools:quantile_p75_scaled_or_tools,quantile_p75_scaled_or_tools,ortools,True,True,True,48,91803.0,4.99976658821106,1.140094518661499,6.139861106872559,1337.2800000000002,0.995,pulp_cbc,mean_domain_loss,687.2225261076482,,180,60,True,1475.973949221342,1477.18790780453,1719.0860596616135,1721.464512942517,1251.846664187264,1343.9999992500002,92490.22252610764,93035.63293183608,93514.58289764108,177.09187066270144,331.7920779154112,0.4731120331950207,154.04033381085344,687.2225261076482,0.0,mean_domain_loss,medium,
X-n242-k48,241,cargo,ortools:quantile_p75_scaled_or_tools,quantile_p75_scaled_or_tools,ortools,True,True,True,48,91803.0,4.99976658821106,1.0698192119598389,6.069585800170898,1337.2800000000002,0.995,pulp_cbc,mean_domain_loss,517.0942082228623,,180,60,True,1475.973949221342,1477.18790780453,1719.0860596616135,1721.464512942517,1111.3477968199345,1343.99999758,92320.09420822289,92732.1872875833,93097.40305936876,177.26120573382204,331.7517150673125,0.4636514522821576,154.20966721197388,517.0942082228623,0.0,mean_domain_loss,medium,
X-n242-k48,241,cold_chain,ortools:quantile_p75_scaled_or_tools,quantile_p75_scaled_or_tools,ortools,True,True,True,48,91803.0,4.99976658821106,1.0586750507354736,6.058441638946533,1337.2800000000002,0.995,pulp_cbc,mean_domain_loss,611.4763156729633,,180,60,True,1475.973949221342,1477.18790780453,1719.0860596616135,1721.464512942517,1302.741061832646,1343.9999976,92675.54641683109,93008.9550560095,93343.93442269792,177.05789377124148,331.259778375919,0.4672199170124481,154.00635526939334,611.4763156729633,261.0701011581293,mean_domain_loss,medium,
X-n242-k48,241,grocery,ortools:quantile_p75_scaled_or_tools,quantile_p75_scaled_or_tools,ortools,True,True,True,48,91803.0,4.99976658821106,1.1757700443267822,6.175536632537842,1337.2800000000002,0.995,pulp_cbc,mean_domain_loss,426.8113373796485,,180,60,True,1475.973949221342,1477.18790780453,1719.0860596616135,1721.464512942517,598.3423242967791,1344.00000069,92229.81133737964,92495.33403190116,92748.83724503509,177.01121540797655,331.52735415161965,0.4709128630705394,153.95967999612847,426.8113373796485,0.0,mean_domain_loss,medium,
X-n251-k28,250,atm,ortools:nominal_seed103_or_tools,nominal_seed103_or_tools,ortools,True,True,True,28,40522.0,4.993817329406738,1.2081098556518557,6.201927185058594,1867.0,0.9663561076604554,pulp_cbc,mean_domain_loss,822.1565327390407,,180,60,True,2083.418657642686,2086.52559340612,2424.7257298494437,2425.3478480666686,1673.349754488663,1931.9999975,41344.15653273905,41970.12848406352,42603.67775831801,212.9982914796032,391.9740201894813,0.42964,234.77511302718904,822.1565327390407,0.0,mean_domain_loss,medium,
X-n251-k28,250,cargo,ortools:nominal_seed103_or_tools,nominal_seed103_or_tools,ortools,True,True,True,28,40522.0,4.993817329406738,1.1415870189666748,6.135404348373413,1867.0,0.9663561076604554,pulp_cbc,mean_domain_loss,622.3337922050911,,180,60,True,2083.418657642686,2086.52559340612,2424.7257298494437,2425.3478480666686,1506.1930464421173,1932.0000004,41144.33379220509,41625.12991527438,42104.04929328391,213.6790027597575,391.0783121008116,0.42608,235.4558272073432,622.3337922050911,0.0,mean_domain_loss,medium,
X-n251-k28,250,cold_chain,ortools:nominal_seed103_or_tools,nominal_seed103_or_tools,ortools,True,True,True,28,40522.0,4.993817329406738,1.093397617340088,6.087214946746826,1867.0,0.9663561076604554,pulp_cbc,mean_domain_loss,760.0884446383731,,180,60,True,2083.418657642686,2086.52559340612,2424.7257298494437,2425.3478480666686,1757.7194522505072,1932.0000004,41638.02320830903,41988.061573802064,42430.48041385936,213.06174478272428,390.2650826150999,0.42488,234.83856923031007,760.0884446383731,355.9347636706605,mean_domain_loss,medium,
X-n251-k28,250,grocery,ortools:nominal_seed103_or_tools,nominal_seed103_or_tools,ortools,True,True,True,28,40522.0,4.993817329406738,1.1944422721862793,6.188259601593018,1867.0,0.9663561076604554,pulp_cbc,mean_domain_loss,526.2231918762034,,180,60,True,2083.418657642686,2086.52559340612,2424.7257298494437,2425.3478480666686,793.3825333695573,1932.0000007,41048.223191876205,41337.56434582842,41672.49593465142,212.7290395416097,391.24648583665646,0.42864,234.50586428919544,526.2231918762034,0.0,mean_domain_loss,medium,
X-n261-k13,260,atm,ortools:quantile_p75_scaled_or_tools,quantile_p75_scaled_or_tools,ortools,True,True,True,13,31282.0,5.002111196517944,1.5675268173217771,6.569638013839722,13982.735,0.995,pulp_cbc,mean_domain_loss,6467.14390662604,,180,60,True,14982.669280417082,15021.02935136878,17862.196299766994,17900.458727447764,12471.465910790594,14052.9999758,37749.14390662604,43540.55038462132,48478.60380649354,1648.0365962666838,3235.052842096612,0.4328846153846153,1831.999380036625,6467.14390662604,0.0,mean_domain_loss,medium,
X-n261-k13,260,cargo,ortools:robust_mean_2std_scaled_or_tools,robust_mean_2std_scaled_or_tools,ortools,True,True,True,13,31963.0,5.000209331512451,1.741358995437622,6.741568326950073,13982.735000000002,0.9950000000000002,pulp_cbc,mean_domain_loss,4841.914950434352,,180,60,True,14982.669280417082,15021.02935136878,17862.196299766994,17900.458727447764,11209.532760811588,14052.99997271,36804.91495043435,41108.272419719,44941.075538606776,1660.8733273769308,3232.158747275028,0.4326153846153846,1844.8361080568727,4841.914950434352,0.0,mean_domain_loss,medium,
X-n261-k13,260,cold_chain,ortools:proxy_mean_scaled_or_tools,proxy_mean_scaled_or_tools,ortools,True,True,True,13,31364.0,4.997973680496216,1.5198144912719729,6.5177881717681885,13982.735000000002,0.9950000000000002,pulp_cbc,mean_domain_loss,6025.565164466592,,180,60,True,14982.669280417082,15021.02935136878,17862.196299766994,17900.458727447764,13319.109097908844,14052.9999888,40101.29195624335,43626.48649548242,47018.54182638342,1646.9191017350165,3233.256012489825,0.4230384615384615,1830.881898504959,6025.565164466592,2711.726791776756,mean_domain_loss,medium,
X-n261-k13,260,grocery,ortools:quantile_p75_scaled_seed107_or_tools,quantile_p75_scaled_seed107_or_tools,ortools,True,True,True,13,31470.0,5.001019477844238,1.4297804832458496,6.430799961090088,13982.735,0.995,pulp_cbc,mean_domain_loss,4147.387421787927,,180,60,True,14982.669280417082,15021.02935136878,17862.196299766994,17900.458727447764,5930.255531943661,14052.999985,35617.38742178793,38463.58170927245,41005.080006082746,1644.9057112373016,3245.1163647757026,0.4300384615384615,1828.868504207244,4147.387421787927,0.0,mean_domain_loss,medium,
X-n275-k28,274,atm,ortools:quantile_p75_scaled_seed107_or_tools,quantile_p75_scaled_seed107_or_tools,ortools,True,True,True,28,22426.0,5.005742311477661,1.4898080825805664,6.495550394058228,278.6,0.995,pulp_cbc,mean_domain_loss,107.69324463157996,,180,60,True,306.89828660604496,307.5660280006758,368.0009655121191,368.3309895522635,251.338360616101,279.9999996,22533.69324463158,22609.317389464133,22709.450121502177,28.00898382796879,49.800963784449536,0.412992700729927,33.826692114309544,107.69324463157996,0.0,mean_domain_loss,medium,
X-n275-k28,274,cargo,ortools:quantile_p75_scaled_seed107_or_tools,quantile_p75_scaled_seed107_or_tools,ortools,True,True,True,28,22426.0,5.005742311477661,1.6291162967681885,6.63485860824585,278.6,0.995,pulp_cbc,mean_domain_loss,82.19201206690957,,180,60,True,306.89828660604496,307.5660280006758,368.0009655121191,368.3309895522635,228.3779019864615,280.00000012,22508.19201206692,22565.667652790144,22643.57356673279,28.142060679854104,49.84238170519888,0.4143065693430657,33.959769486194865,82.19201206690957,0.0,mean_domain_loss,medium,
X-n275-k28,274,cold_chain,ortools:quantile_p75_scaled_seed107_or_tools,quantile_p75_scaled_seed107_or_tools,ortools,True,True,True,28,22426.0,5.005742311477661,1.4380042552947998,6.443746566772461,278.6,0.995,pulp_cbc,mean_domain_loss,100.90695576490477,,180,60,True,306.89828660604496,307.5660280006758,368.0009655121191,368.3309895522635,257.3999091938634,279.99999988,22577.589272891302,22619.91072222222,22688.20887165459,28.03417031762084,49.7342394013871,0.4101094890510949,33.8518788839616,100.90695576490477,50.68231712640012,mean_domain_loss,medium,
X-n275-k28,274,grocery,ortools:quantile_p75_scaled_seed107_or_tools,quantile_p75_scaled_seed107_or_tools,ortools,True,True,True,28,22426.0,5.005742311477661,1.3311545848846436,6.336896896362305,278.6,0.995,pulp_cbc,mean_domain_loss,69.93864422349382,,180,60,True,306.89828660604496,307.5660280006758,368.0009655121191,368.3309895522635,118.20398135653058,280.00000019000004,22495.938644223486,22530.95992253091,22582.93207013904,27.984053064833898,49.8872407381093,0.411970802919708,33.80176194117465,69.93864422349382,0.0,mean_domain_loss,medium,
X-n280-k17,279,atm,ortools:proxy_mean_scaled_seed109_or_tools,proxy_mean_scaled_seed109_or_tools,ortools,True,True,True,17,38562.0,5.00033164024353,1.7086341381072998,6.70896577835083,3247.6800000000003,0.995,pulp_cbc,mean_domain_loss,1803.1873228108896,,180,60,True,3569.5494701131493,3575.424894705229,4199.901283616081,4206.345190262546,3276.038614855021,3264.0000025900003,40365.187322810896,41446.03735159037,42684.363367607104,448.9032654794672,734.1196348783433,0.4607168458781362,397.0376453810952,1803.1873228108896,0.0,mean_domain_loss,medium,
X-n280-k17,279,cargo,ortools:proxy_mean_scaled_seed109_or_tools,proxy_mean_scaled_seed109_or_tools,ortools,True,True,True,17,38562.0,5.00033164024353,1.6897363662719729,6.690068006515503,3247.6800000000003,0.995,pulp_cbc,mean_domain_loss,1354.9802332816455,,180,60,True,3569.5494701131493,3575.424894705229,4199.901283616081,4206.345190262546,2901.4776278177205,3263.99999609,39916.98023328164,40750.11904270105,41676.35402520956,452.3323085756306,742.7823284613233,0.46,400.4666819772587,1354.9802332816455,0.0,mean_domain_loss,medium,
X-n280-k17,279,cold_chain,ortools:proxy_mean_scaled_seed109_or_tools,proxy_mean_scaled_seed109_or_tools,ortools,True,True,True,17,38562.0,5.00033164024353,1.4405572414398191,6.44088888168335,3247.6800000000003,0.995,pulp_cbc,mean_domain_loss,1617.4847616107909,,180,60,True,3569.5494701131493,3575.424894705229,4199.901283616081,4206.345190262546,3369.0592200418823,3263.99999483,40786.01423765626,41427.25546446505,42316.257671549785,448.99851213783256,729.4950774946197,0.4483154121863799,397.1328842794608,1617.4847616107909,606.5294760454642,mean_domain_loss,medium,
X-n280-k17,279,grocery,ortools:proxy_mean_scaled_seed109_or_tools,proxy_mean_scaled_seed109_or_tools,ortools,True,True,True,17,38562.0,5.00033164024353,1.4995527267456057,6.499884366989136,3247.6800000000003,0.995,pulp_cbc,mean_domain_loss,1121.2629984041755,,180,60,True,3569.5494701131493,3575.424894705229,4199.901283616081,4206.345190262546,1580.5598339363082,3263.99999887,39683.26299840418,40213.12591669041,40863.58393709236,448.5580622891433,734.7530691041985,0.452258064516129,396.6924384707716,1121.2629984041755,0.0,mean_domain_loss,medium,
X-n284-k15,283,atm,ortools:robust_mean_2std_scaled_or_tools,robust_mean_2std_scaled_or_tools,ortools,True,True,True,15,23628.0,5.000474452972412,1.7141034603118896,6.714577913284302,1626.8249999999998,0.995,pulp_cbc,mean_domain_loss,632.1886490081176,,180,60,True,1690.7465941899184,1691.7378069241554,2011.601490678983,2013.2207644463767,1190.7032246425324,1634.99999962,24260.18864900812,24785.9737763554,25249.83885870485,159.71400210059974,306.41068166670715,0.3952650176678445,233.08428922734572,632.1886490081176,0.0,mean_domain_loss,medium,
X-n284-k15,283,cargo,ortools:robust_mean_2std_scaled_or_tools,robust_mean_2std_scaled_or_tools,ortools,True,True,True,15,23628.0,5.000474452972412,1.881986141204834,6.882460594177246,1626.8249999999998,0.995,pulp_cbc,mean_domain_loss,471.0380043573678,,180,60,True,1690.7465941899184,1691.7378069241554,2011.601490678983,2013.2207644463767,1049.4517162202703,1634.9999999499998,24099.038004357368,24500.24577317995,24850.007407483303,160.344667608306,307.47687164912526,0.3902826855123675,233.714955065052,471.0380043573678,0.0,mean_domain_loss,medium,
X-n284-k15,283,cold_chain,ortools:robust_mean_2std_scaled_or_tools,robust_mean_2std_scaled_or_tools,ortools,True,True,True,15,23628.0,5.000474452972412,1.614905595779419,6.615380048751831,1626.8249999999998,0.995,pulp_cbc,mean_domain_loss,627.7363060098996,,180,60,True,1690.7465941899184,1691.7378069241554,2011.601490678983,2013.2207644463767,1352.0506187215994,1634.9999999799998,24566.60920983193,24874.301748434136,25179.087510657504,159.77004157967792,305.3531379736467,0.3837809187279152,233.140329066424,627.7363060098996,310.87290382203844,mean_domain_loss,medium,
X-n284-k15,283,grocery,ortools:robust_mean_2std_scaled_or_tools,robust_mean_2std_scaled_or_tools,ortools,True,True,True,15,23628.0,5.000474452972412,1.4787893295288086,6.479263782501221,1626.8249999999998,0.995,pulp_cbc,mean_domain_loss,423.755407431865,,180,60,True,1690.7465941899184,1691.7378069241554,2011.601490678983,2013.2207644463767,591.0313266219346,1635.00000142,24051.755407431872,24297.30083614186,24537.176923600346,159.46755725611897,305.8250882063436,0.3946996466431095,232.83784618286492,423.755407431865,0.0,mean_domain_loss,medium,
X-n157-k13,156,atm,ortools:quantile_p75_scaled_seed107_or_tools,quantile_p75_scaled_seed107_or_tools,ortools,True,True,True,13,17279.0,4.993048667907715,0.8221192359924316,5.8151679039001465,155.22000000000003,0.9950000000000002,pulp_cbc,mean_domain_loss,75.16200102606943,,180,60,True,171.99406906934314,172.27034686930705,198.0995518853173,198.5245135344457,139.76708866467305,155.99999961999998,17354.162001026067,17416.745399644067,17473.469383914482,20.027441323485565,38.0799660427551,0.4858974358974359,15.108097379035804,75.16200102606943,0.0,mean_domain_loss,high,0.0
X-n157-k13,156,cargo,ortools:nominal_seed101_or_tools,nominal_seed101_or_tools,ortools,True,True,True,13,17558.0,5.003969430923462,0.8878567218780518,5.891826152801514,156.0,1.0,pulp_cbc,mean_domain_loss,57.104792836136056,,180,60,True,171.99406906934314,172.27034686930705,198.0995518853173,198.5245135344457,125.77127071077796,156.00000024999997,17615.104792836133,17662.642014762892,17706.354461692383,20.08213257989053,37.88336534897026,0.4860897435897436,15.162789265440765,57.104792836136056,0.0,mean_domain_loss,high,0.0
X-n157-k13,156,cold_chain,ortools:robust_mean_1std_scaled_seed113_or_tools,robust_mean_1std_scaled_seed113_or_tools,ortools,True,True,True,13,17372.0,5.004371881484985,0.8154094219207764,5.819781303405762,155.22,0.995,pulp_cbc,mean_domain_loss,64.90000640358906,,180,60,True,171.99406906934314,172.27034686930705,198.0995518853173,198.5245135344457,143.22846726804377,155.99999993999995,17465.519054065415,17503.277845970235,17543.733360229096,20.024486287441714,37.76492553558726,0.4828846153846154,15.105142662991948,64.90000640358906,28.61904766182907,mean_domain_loss,high,0.0
X-n157-k13,156,grocery,ortools:quantile_p75_scaled_seed107_or_tools,quantile_p75_scaled_seed107_or_tools,ortools,True,True,True,13,17279.0,4.993048667907715,0.7953529357910156,5.7884016036987305,155.22000000000003,0.9950000000000002,pulp_cbc,mean_domain_loss,45.99636891808418,,180,60,True,171.99406906934314,172.27034686930705,198.0995518853173,198.5245135344457,65.95903295899764,156.0,17324.996368918088,17355.724722881743,17385.60398975417,20.00567280350213,38.11988534409646,0.4848717948717949,15.086329239052368,45.99636891808418,0.0,mean_domain_loss,high,0.0
X-n214-k11,213,atm,ortools:quantile_p75_scaled_or_tools,quantile_p75_scaled_or_tools,ortools,True,True,True,11,13083.0,5.001141548156738,1.2417271137237549,6.242868661880493,10332.080000000002,0.9950000000000002,pulp_cbc,mean_domain_loss,5342.106927880302,,180,60,True,11525.098152614886,11542.610363831476,13483.907107768657,13521.958776987056,10128.29476625693,10384.0000082,18425.1069278803,21935.19927262609,25524.004125949898,1370.4754848665968,2340.131276853295,0.4816901408450704,1174.3743560986925,5342.106927880302,0.0,mean_domain_loss,high,1.0
X-n214-k11,213,cargo,ortools:robust_mean_1std_scaled_or_tools,robust_mean_1std_scaled_or_tools,ortools,True,True,True,11,13723.0,5.010787725448608,1.3660740852355957,6.376861810684204,10332.079999999998,0.9949999999999998,pulp_cbc,mean_domain_loss,4021.1708915200807,,180,60,True,11525.098152614886,11542.610363831476,13483.907107768657,13521.958776987056,8952.050227839498,10384.0000064,17744.17089152008,20427.69986670969,23120.83563670019,1377.4601698431804,2351.8158517351103,0.4747417840375587,1181.359039275275,4021.1708915200807,0.0,mean_domain_loss,high,1.0
X-n214-k11,213,cold_chain,ortools:quantile_p75_scaled_seed107_or_tools,quantile_p75_scaled_seed107_or_tools,ortools,True,True,True,11,12734.0,5.000900268554688,1.1736230850219729,6.17452335357666,10332.080000000002,0.9950000000000002,pulp_cbc,mean_domain_loss,4742.628693611883,,180,60,True,11525.098152614886,11542.610363831476,13483.907107768657,13521.958776987056,10344.71226370792,10384.0000043,19449.70037301376,21592.734893662622,24056.252346414258,1372.11862032175,2332.837885795886,0.4716901408450704,1176.0174876538451,4742.628693611883,1973.0716794018736,mean_domain_loss,high,1.0
X-n214-k11,213,grocery,ortools:nominal_or_tools,nominal_or_tools,ortools,True,True,True,11,12859.0,4.997620344161987,1.1918635368347168,6.189483880996704,10356.0,0.9973035439137136,pulp_cbc,mean_domain_loss,3311.1987584756025,,180,60,True,11525.098152614886,11542.610363831476,13483.907107768657,13521.958776987056,4858.48890842807,10384.000000200002,16170.1987584756,17857.067670802742,19752.658241888646,1367.897933011216,2335.5390051646605,0.4735211267605634,1171.7967962433115,3311.1987584756025,0.0,mean_domain_loss,high,1.0
X-n219-k73,218,atm,ortools:robust_mean_1std_scaled_seed113_or_tools,robust_mean_1std_scaled_seed113_or_tools,ortools,True,True,True,73,118129.0,4.997730016708374,0.9002571105957031,5.897987127304077,217.90500000000003,0.995,pulp_cbc,mean_domain_loss,105.12756409537074,,180,60,True,242.376031709029,242.8534714087248,287.4950894029832,287.6885078827544,204.1979142089692,218.99999978,118234.12756409535,118332.37332618875,118414.3165157294,27.9737171730559,56.32492879480138,0.4762844036697247,22.923560114770847,105.12756409537074,0.0,mean_domain_loss,high,2.0
X-n219-k73,218,cargo,ortools:robust_mean_1std_scaled_seed113_or_tools,robust_mean_1std_scaled_seed113_or_tools,ortools,True,True,True,73,118129.0,4.997730016708374,0.9151926040649414,5.912922620773315,217.90500000000003,0.995,pulp_cbc,mean_domain_loss,79.88575637547017,,180,60,True,242.376031709029,242.8534714087248,287.4950894029832,287.6885078827544,185.83833697931755,218.99999997,118208.88575637549,118284.88247838184,118347.43317385508,27.96560822972106,56.06873142483284,0.4736238532110092,22.915451361436,79.88575637547017,0.0,mean_domain_loss,high,2.0
X-n219-k73,218,cold_chain,ortools:robust_mean_1std_scaled_seed113_or_tools,robust_mean_1std_scaled_seed113_or_tools,ortools,True,True,True,73,118129.0,4.997730016708374,0.9227774143218994,5.920507431030273,217.90500000000003,0.995,pulp_cbc,mean_domain_loss,91.72757142424726,,180,60,True,242.376031709029,242.8534714087248,287.4950894029832,287.6885078827544,207.08493282324864,218.95377098,118260.63309620328,118320.63846301482,118378.4431019985,27.94745907028891,56.1366684245057,0.4725229357798165,22.851073212003858,91.72757142424726,39.905524779049664,mean_domain_loss,high,2.0
X-n219-k73,218,grocery,ortools:robust_mean_1std_scaled_seed113_or_tools,robust_mean_1std_scaled_seed113_or_tools,ortools,True,True,True,73,118129.0,4.997730016708374,0.9830355644226074,5.980765581130981,217.90500000000003,0.995,pulp_cbc,mean_domain_loss,64.90835306205156,,180,60,True,242.376031709029,242.8534714087248,287.4950894029832,287.6885078827544,94.85385945523969,218.99999997,118193.90835306206,118241.45889036312,118285.27814086282,27.96023612644732,56.24090832587953,0.4749082568807339,22.91007925816227,64.90835306205156,0.0,mean_domain_loss,high,2.0
X-n233-k16,232,atm,ortools:proxy_mean_scaled_or_tools,proxy_mean_scaled_or_tools,ortools,True,True,True,16,23289.0,5.006700038909912,1.3663275241851809,6.373027563095093,10045.52,0.995,pulp_cbc,mean_domain_loss,4800.463837344079,,180,60,True,11334.41800874414,11355.553726611492,13290.364120543143,13318.41245506052,10611.263932227568,10095.99998662,28089.46383734408,30930.015321821047,33463.96586405596,1220.35067486701,2014.3585366208647,0.4544827586206896,1201.989822055686,4800.463837344079,0.0,mean_domain_loss,high,3.0
X-n233-k16,232,cargo,ortools:quantile_p75_scaled_seed107_or_tools,quantile_p75_scaled_seed107_or_tools,ortools,True,True,True,16,22235.0,5.004918575286865,1.5162596702575684,6.521178245544434,10045.52,0.995,pulp_cbc,mean_domain_loss,3584.1515702022884,,180,60,True,11334.41800874414,11355.553726611492,13290.364120543143,13318.41245506052,9344.761318466924,10095.99999576,25819.151570202284,28011.917619823005,29871.62636973579,1230.0749692775505,2052.845418133269,0.4625,1211.7141256062266,3584.1515702022884,0.0,mean_domain_loss,high,3.0
X-n233-k16,232,cold_chain,ortools:proxy_mean_scaled_or_tools,proxy_mean_scaled_or_tools,ortools,True,True,True,16,23289.0,5.006700038909912,1.3444664478302002,6.351166486740112,10045.52,0.995,pulp_cbc,mean_domain_loss,4350.929914762233,,180,60,True,11334.41800874414,11355.553726611492,13290.364120543143,13318.41245506052,10474.43896912553,10095.99999824,29382.33127342654,31017.03876468916,32797.360725623534,1218.9206332095712,2020.7995254586133,0.4484051724137931,1200.5597920182472,4350.929914762233,1742.4013586643075,mean_domain_loss,high,3.0
X-n233-k16,232,grocery,ortools:quantile_p75_scaled_seed107_or_tools,quantile_p75_scaled_seed107_or_tools,ortools,True,True,True,16,22235.0,5.004918575286865,1.340463399887085,6.34538197517395,10045.52,0.995,pulp_cbc,mean_domain_loss,3027.6222012983203,,180,60,True,11334.41800874414,11355.553726611492,13290.364120543143,13318.41245506052,5043.866113038816,10096.0000038,25262.62220129832,26576.204259254515,27951.62698841507,1221.5250885920664,2015.4378046644613,0.4601724137931035,1203.1642529607425,3027.6222012983203,0.0,mean_domain_loss,high,3.0
