Instance,Domain,Candidate,Routing Provider,Route Plan,Customers,Fast LP Scenario Limit,Full Planning Scenarios,Fast Score Metric,Fast Score Value,Fast Stockout,Fast Mean Total Cost,Fast Route Cost,Confirm Feasible,Confirm Runtime Sec,Full Objective Value Train,Full Stockout,Full Mean Total Cost,Stockout Relative Drift,Mean Total Cost Relative Drift,Stockout Drift Safe,Mean Total Cost Drift Safe,Metric Stability Safe,Reason,Winner Rank Metric,Fast Ranking,Full Ranking,Ranking Flip,Stockout Spearman,Ranking Note,Ranking Stable,Strict Stability Safe,Stability Status
X-n106-k14,atm,ortools:nominal_seed103_or_tools,ortools,nominal_seed103_or_tools,105,60,180,mean_domain_loss,2759.4568837813003,0.381047619047619,29875.456883781306,27116.0,True,3.491644859313965,6167.272385088987,0.3829523809523809,29853.21010725416,0.004973887092763,0.0007452055054454,True,True,True,,mean_domain_loss_with_stockout_drift_tiebreaker,atm > grocery > cargo > cold_chain,cargo > atm > grocery > cold_chain,True,0.4,,False,False,final_full_required: domain ranking flip
X-n106-k14,cargo,ortools:nominal_seed101_or_tools,ortools,nominal_seed101_or_tools,105,60,180,mean_domain_loss,2059.8620187528672,0.3771428571428571,29484.862018752865,27425.0,True,3.903657913208008,5798.084749052122,0.3988571428571428,29405.81817936774,0.0544412607449857,0.0026880340109218,False,True,False,,mean_domain_loss_with_stockout_drift_tiebreaker,atm > grocery > cargo > cold_chain,cargo > atm > grocery > cold_chain,True,0.4,,False,False,final_full_required: drift threshold exceeded
X-n106-k14,cold_chain,ortools:nominal_seed103_or_tools,ortools,nominal_seed103_or_tools,105,60,180,mean_domain_loss,2794.303286008658,0.3756190476190476,31428.285684172064,27116.0,True,3.0650131702423096,6881.010893272938,0.3782857142857143,31412.18012716962,0.0070493454179255,0.0005127169441039,True,True,True,,mean_domain_loss_with_stockout_drift_tiebreaker,atm > grocery > cargo > cold_chain,cargo > atm > grocery > cold_chain,True,0.4,,False,False,final_full_required: domain ranking flip
X-n106-k14,grocery,ortools:nominal_seed103_or_tools,ortools,nominal_seed103_or_tools,105,60,180,mean_domain_loss,1893.2774253889093,0.3791428571428571,29009.277425388907,27116.0,True,2.834915399551392,3031.488494004778,0.3825714285714285,28994.051076652544,0.0089619118745332,0.0005251542358157,True,True,True,,mean_domain_loss_with_stockout_drift_tiebreaker,atm > grocery > cargo > cold_chain,cargo > atm > grocery > cold_chain,True,0.4,,False,False,final_full_required: domain ranking flip
X-n110-k13,atm,ortools:proxy_mean_scaled_or_tools,ortools,proxy_mean_scaled_or_tools,109,60,180,mean_domain_loss,364.1820445717232,0.4193577981651376,16803.182044571724,16439.0,True,4.090824604034424,718.5532292001506,0.4156880733944954,16789.277800694457,0.008828073273008,0.0008281621188429,True,True,True,,mean_domain_loss_with_stockout_drift_tiebreaker,cargo > atm > grocery > cold_chain,cold_chain > cargo > atm > grocery,True,-0.19999999999999996,,False,False,final_full_required: domain ranking flip
X-n110-k13,cargo,ortools:proxy_mean_scaled_or_tools,ortools,proxy_mean_scaled_or_tools,109,60,180,mean_domain_loss,274.38095278114463,0.4241284403669725,16713.380952781143,16439.0,True,4.471123456954956,643.5175470953413,0.4166055045871559,16699.74882420295,0.0180576965426118,0.0008163074020871,True,True,True,,mean_domain_loss_with_stockout_drift_tiebreaker,cargo > atm > grocery > cold_chain,cold_chain > cargo > atm > grocery,True,-0.19999999999999996,,False,False,final_full_required: domain ranking flip
X-n110-k13,cold_chain,ortools:proxy_mean_scaled_seed109_or_tools,ortools,proxy_mean_scaled_seed109_or_tools,109,60,180,mean_domain_loss,341.97089077785085,0.4153211009174312,16662.78664090444,16162.0,True,3.70764684677124,764.820413227627,0.4199082568807339,16429.480072972678,0.010924186148132,0.014200483940789,True,True,True,,mean_domain_loss_with_stockout_drift_tiebreaker,cargo > atm > grocery > cold_chain,cold_chain > cargo > atm > grocery,True,-0.19999999999999996,,False,False,final_full_required: domain ranking flip
X-n110-k13,grocery,ortools:proxy_mean_scaled_or_tools,ortools,proxy_mean_scaled_or_tools,109,60,180,mean_domain_loss,234.9093451197681,0.4166055045871559,16673.90934511977,16439.0,True,2.9562156200408936,346.05446104839314,0.4144954128440367,16660.3969791652,0.0050907481186364,0.0008110470579702,True,True,True,,mean_domain_loss_with_stockout_drift_tiebreaker,cargo > atm > grocery > cold_chain,cold_chain > cargo > atm > grocery,True,-0.19999999999999996,,False,False,final_full_required: domain ranking flip
X-n115-k10,atm,ortools:nominal_seed101_or_tools,ortools,nominal_seed101_or_tools,114,60,180,mean_domain_loss,777.6402806709661,0.3783333333333333,14070.640280670968,13293.0,True,3.458765745162964,1338.158689330726,0.4001754385964912,14007.893873183955,0.0545813239807103,0.0044793605701947,False,True,False,,mean_domain_loss_with_stockout_drift_tiebreaker,cargo > atm > grocery > cold_chain,cargo > atm > grocery > cold_chain,False,1.0,,True,False,final_full_required: drift threshold exceeded
X-n115-k10,cargo,ortools:nominal_seed101_or_tools,ortools,nominal_seed101_or_tools,114,60,180,mean_domain_loss,582.5397757824704,0.3854385964912281,13875.539775782468,13293.0,True,3.753910541534424,1194.3085289969624,0.4041228070175439,13812.576456268092,0.0462339917516822,0.0045584051399623,True,True,True,,mean_domain_loss_with_stockout_drift_tiebreaker,cargo > atm > grocery > cold_chain,cargo > atm > grocery > cold_chain,False,1.0,,True,True,safe
X-n115-k10,cold_chain,ortools:nominal_seed101_or_tools,ortools,nominal_seed101_or_tools,114,60,180,mean_domain_loss,776.700882791405,0.3597368421052631,14367.127331402244,13293.0,True,3.0641636848449707,1537.2206330099068,0.3766666666666666,14324.501173365365,0.044946436888682,0.0029757516524301,True,True,True,,mean_domain_loss_with_stockout_drift_tiebreaker,cargo > atm > grocery > cold_chain,cargo > atm > grocery > cold_chain,False,1.0,,True,True,safe
X-n115-k10,grocery,ortools:nominal_seed101_or_tools,ortools,nominal_seed101_or_tools,114,60,180,mean_domain_loss,522.2532530989699,0.3707894736842105,13815.253253098974,13293.0,True,3.135089159011841,675.3621386794968,0.3935964912280701,13752.846215776392,0.0579451749498551,0.0045377543196107,False,True,False,,mean_domain_loss_with_stockout_drift_tiebreaker,cargo > atm > grocery > cold_chain,cargo > atm > grocery > cold_chain,False,1.0,,True,False,final_full_required: drift threshold exceeded
X-n120-k6,atm,ortools:nominal_seed101_or_tools,ortools,nominal_seed101_or_tools,119,60,180,mean_domain_loss,50.18015681760088,0.4307563025210084,14454.1801568176,14404.0,True,5.988962888717651,102.41719957800288,0.43,14370.732985902843,0.0017588430721125,0.0058067442347313,True,True,True,,mean_domain_loss_with_stockout_drift_tiebreaker,cargo > cold_chain > grocery > atm,cargo > cold_chain > grocery > atm,False,1.0,,True,True,safe
X-n120-k6,cargo,ortools:nominal_seed101_or_tools,ortools,nominal_seed101_or_tools,119,60,180,mean_domain_loss,38.39383626884781,0.4349579831932773,14442.393836268846,14404.0,True,6.433862447738648,92.58756920188316,0.4354621848739495,14359.002190418252,0.0011578541103821,0.0058076212221933,True,True,True,,mean_domain_loss_with_stockout_drift_tiebreaker,cargo > cold_chain > grocery > atm,cargo > cold_chain > grocery > atm,False,1.0,,True,True,safe
X-n120-k6,cold_chain,ortools:nominal_seed103_or_tools,ortools,nominal_seed103_or_tools,119,60,180,mean_domain_loss,47.01814266108384,0.4346218487394958,14648.043571987204,14579.0,True,6.385140419006348,108.86633183496043,0.4346218487394958,14230.757257001427,0.0,0.029322846806376,True,True,True,,mean_domain_loss_with_stockout_drift_tiebreaker,cargo > cold_chain > grocery > atm,cargo > cold_chain > grocery > atm,False,1.0,,True,True,safe
X-n120-k6,grocery,ortools:robust_mean_1std_scaled_or_tools,ortools,robust_mean_1std_scaled_or_tools,119,60,180,mean_domain_loss,32.62369873245793,0.4321008403361344,14084.623698732456,14052.0,True,5.810973405838013,49.91634857921395,0.4319327731092437,14066.433062063044,0.0003891050583655,0.0012931946989797,True,True,True,,mean_domain_loss_with_stockout_drift_tiebreaker,cargo > cold_chain > grocery > atm,cargo > cold_chain > grocery > atm,False,1.0,,True,True,safe
X-n129-k18,atm,ortools:robust_mean_1std_scaled_seed113_or_tools,ortools,robust_mean_1std_scaled_seed113_or_tools,128,60,180,mean_domain_loss,299.72499004697625,0.415078125,34098.724990046976,33799.0,True,4.114232063293457,557.7290762135823,0.41515625,33690.4074663468,0.0001881821603311,0.0121196968041435,True,True,True,,mean_domain_loss_with_stockout_drift_tiebreaker,grocery > atm > cold_chain > cargo,grocery > atm > cold_chain > cargo,False,1.0,,True,True,safe
X-n129-k18,cargo,ortools:robust_mean_1std_scaled_seed113_or_tools,ortools,robust_mean_1std_scaled_seed113_or_tools,128,60,180,mean_domain_loss,223.0036069511017,0.403828125,34022.0036069511,33799.0,True,4.524738550186157,500.73390038293405,0.40390625,33613.15901585695,0.000193423597679,0.0121632302069934,True,True,True,,mean_domain_loss_with_stockout_drift_tiebreaker,grocery > atm > cold_chain > cargo,grocery > atm > cold_chain > cargo,False,1.0,,True,True,safe
X-n129-k18,cold_chain,ortools:robust_mean_2std_scaled_or_tools,ortools,robust_mean_2std_scaled_or_tools,128,60,180,mean_domain_loss,285.4448212827025,0.414453125,34178.899058608404,33757.0,True,3.981269836425781,625.6002808023002,0.411328125,34177.2386445584,0.0075973409306742,4.858245182631658e-05,True,True,True,,mean_domain_loss_with_stockout_drift_tiebreaker,grocery > atm > cold_chain > cargo,grocery > atm > cold_chain > cargo,False,1.0,,True,True,safe
X-n129-k18,grocery,ortools:robust_mean_2std_scaled_or_tools,ortools,robust_mean_2std_scaled_or_tools,128,60,180,mean_domain_loss,194.79288578024887,0.42,33951.79288578024,33757.0,True,3.2685320377349854,269.57457575098755,0.419765625,33951.06861063629,0.0005583472920156,2.1332911557344363e-05,True,True,True,,mean_domain_loss_with_stockout_drift_tiebreaker,grocery > atm > cold_chain > cargo,grocery > atm > cold_chain > cargo,False,1.0,,True,True,safe
X-n134-k13,atm,ortools:quantile_p75_scaled_or_tools,ortools,quantile_p75_scaled_or_tools,133,60,180,mean_domain_loss,3798.2267284495615,0.4603007518796992,19199.22672844956,15401.0,True,3.2886641025543213,7964.327359340954,0.4573684210526316,18469.551598199472,0.0064113102087784,0.0395069217772034,True,True,True,,mean_domain_loss_with_stockout_drift_tiebreaker,atm > grocery > cold_chain > cargo,atm > grocery > cold_chain > cargo,False,1.0,,True,True,safe
X-n134-k13,cargo,ortools:nominal_or_tools,ortools,nominal_or_tools,133,60,180,mean_domain_loss,2795.7093662631505,0.4532330827067669,16425.709366263152,13630.0,True,3.1799261569976807,7044.573501322292,0.4520300751879699,16113.671774744387,0.0026613439787091,0.019364772714797,True,True,True,,mean_domain_loss_with_stockout_drift_tiebreaker,atm > grocery > cold_chain > cargo,atm > grocery > cold_chain > cargo,False,1.0,,True,True,safe
X-n134-k13,cold_chain,ortools:nominal_or_tools,ortools,nominal_or_tools,133,60,180,mean_domain_loss,3405.8466080799653,0.4557894736842105,18440.482539791603,13630.0,True,2.8075380325317383,8067.334871576671,0.4547368421052631,18176.20192678908,0.0023148148148147,0.0145399250111219,True,True,True,,mean_domain_loss_with_stockout_drift_tiebreaker,atm > grocery > cold_chain > cargo,atm > grocery > cold_chain > cargo,False,1.0,,True,True,safe
X-n134-k13,grocery,ortools:nominal_seed103_or_tools,ortools,nominal_seed103_or_tools,133,60,180,mean_domain_loss,2369.921520178373,0.4583458646616541,14579.921520178374,12210.0,True,2.9461591243743896,3707.090401156531,0.4570676691729323,14480.941329075538,0.0027965125843065,0.0068352042076227,True,True,True,,mean_domain_loss_with_stockout_drift_tiebreaker,atm > grocery > cold_chain > cargo,atm > grocery > cold_chain > cargo,False,1.0,,True,True,safe
X-n139-k10,atm,ortools:proxy_mean_scaled_seed109_or_tools,ortools,proxy_mean_scaled_seed109_or_tools,138,60,180,mean_domain_loss,427.4948558806679,0.4182608695652174,16423.49485588067,15996.0,True,6.044466018676758,871.3107972797561,0.4152898550724637,15582.301378915989,0.0071540743325773,0.0539839049771479,True,False,False,,mean_domain_loss_with_stockout_drift_tiebreaker,atm > grocery > cold_chain > cargo,grocery > atm > cargo > cold_chain,True,0.6,,False,False,final_full_required: drift threshold exceeded
X-n139-k10,cargo,ortools:nominal_seed101_or_tools,ortools,nominal_seed101_or_tools,138,60,180,mean_domain_loss,321.654226375162,0.4158695652173913,15264.654226375162,14943.0,True,6.7518157958984375,771.6994839678858,0.4144927536231884,15227.4180682037,0.0033216783216784,0.0024453363009198,True,True,True,,mean_domain_loss_with_stockout_drift_tiebreaker,atm > grocery > cold_chain > cargo,grocery > atm > cargo > cold_chain,True,0.6,,False,False,final_full_required: domain ranking flip
X-n139-k10,cold_chain,ortools:nominal_or_tools,ortools,nominal_or_tools,138,60,180,mean_domain_loss,400.8823092159208,0.4159420289855072,15476.951879013788,14877.0,True,4.939747095108032,926.2498650750504,0.4128985507246376,15421.804735071846,0.0073710073710073,0.003575920256371,True,True,True,,mean_domain_loss_with_stockout_drift_tiebreaker,atm > grocery > cold_chain > cargo,grocery > atm > cargo > cold_chain,True,0.6,,False,False,final_full_required: domain ranking flip
X-n139-k10,grocery,ortools:nominal_or_tools,ortools,nominal_or_tools,138,60,180,mean_domain_loss,276.8414516565013,0.4176086956521739,15153.841451656504,14877.0,True,5.346140623092651,423.4622996391648,0.4155797101449275,15101.398151543215,0.0048823016564951,0.0034727446814537,True,True,True,,mean_domain_loss_with_stockout_drift_tiebreaker,atm > grocery > cold_chain > cargo,grocery > atm > cargo > cold_chain,True,0.6,,False,False,final_full_required: domain ranking flip
X-n143-k7,atm,ortools:robust_mean_1std_scaled_seed113_or_tools,ortools,robust_mean_1std_scaled_seed113_or_tools,142,60,180,mean_domain_loss,2513.004494284095,0.3122535211267606,20963.00449428409,18450.0,True,4.845263481140137,5328.545754407793,0.312112676056338,20884.45660999018,0.0004512635379062,0.0037610690936693,True,True,True,,mean_domain_loss_with_stockout_drift_tiebreaker,atm > grocery > cargo > cold_chain,atm > grocery > cargo > cold_chain,False,1.0,,True,True,safe
X-n143-k7,cargo,ortools:quantile_p90_scaled_or_tools,ortools,quantile_p90_scaled_or_tools,142,60,180,mean_domain_loss,1862.0793448893176,0.3076056338028169,20504.07934488932,18642.0,True,5.145552158355713,4730.0089396385165,0.3069718309859155,20365.37715404718,0.0020646937370956,0.0068106860871259,True,True,True,,mean_domain_loss_with_stockout_drift_tiebreaker,atm > grocery > cargo > cold_chain,atm > grocery > cargo > cold_chain,False,1.0,,True,True,safe
X-n143-k7,cold_chain,ortools:proxy_mean_scaled_seed109_or_tools,ortools,proxy_mean_scaled_seed109_or_tools,142,60,180,mean_domain_loss,2823.460469229504,0.3016901408450704,23199.19990217684,18802.0,True,5.347394227981567,6432.893599667022,0.3011971830985915,23179.425946517003,0.0016366612111291,0.0008530821990786,True,True,True,,mean_domain_loss_with_stockout_drift_tiebreaker,atm > grocery > cargo > cold_chain,atm > grocery > cargo > cold_chain,False,1.0,,True,True,safe
X-n143-k7,grocery,ortools:robust_mean_1std_scaled_or_tools,ortools,robust_mean_1std_scaled_or_tools,142,60,180,mean_domain_loss,1851.459304459925,0.3097887323943662,20254.459304459928,18403.0,True,3.756465196609497,2724.69943696454,0.3101408450704225,20129.66170275268,0.0011353315168029,0.0061996869868006,True,True,True,,mean_domain_loss_with_stockout_drift_tiebreaker,atm > grocery > cargo > cold_chain,atm > grocery > cargo > cold_chain,False,1.0,,True,True,safe
X-n157-k13,atm,ortools:nominal_or_tools,ortools,nominal_or_tools,156,60,180,mean_domain_loss,75.25300431865746,0.4858333333333333,17479.25300431866,17404.0,True,8.692039966583252,136.20941684443173,0.4857692307692308,17478.76400057028,0.0001319609395617,2.797702105036456e-05,True,True,True,,mean_domain_loss_with_stockout_drift_tiebreaker,cargo > atm > grocery > cold_chain,atm > cargo > grocery > cold_chain,True,0.8,,False,False,final_full_required: domain ranking flip
X-n157-k13,cargo,ortools:nominal_seed101_or_tools,ortools,nominal_seed101_or_tools,156,60,180,mean_domain_loss,57.104792836136056,0.4860897435897436,17615.104792836133,17558.0,True,9.602951526641846,121.97822268822264,0.4839102564102564,17614.751607474383,0.0045039078023579,2.005054454470835e-05,True,True,True,,mean_domain_loss_with_stockout_drift_tiebreaker,cargo > atm > grocery > cold_chain,atm > cargo > grocery > cold_chain,True,0.8,,False,False,final_full_required: domain ranking flip
X-n157-k13,cold_chain,ortools:nominal_seed101_or_tools,ortools,nominal_seed101_or_tools,156,60,180,mean_domain_loss,64.9114607509605,0.4842307692307692,17651.661586428294,17558.0,True,8.405597448348999,140.48432989701325,0.483525641025641,17651.28368347046,0.0014583057139067,2.140937535249007e-05,True,True,True,,mean_domain_loss_with_stockout_drift_tiebreaker,cargo > atm > grocery > cold_chain,atm > cargo > grocery > cold_chain,True,0.8,,False,False,final_full_required: domain ranking flip
X-n157-k13,grocery,ortools:robust_mean_1std_scaled_seed113_or_tools,ortools,robust_mean_1std_scaled_seed113_or_tools,156,60,180,mean_domain_loss,46.07009948735872,0.4844230769230769,17418.070099487355,17372.0,True,6.847878217697144,64.74844532513463,0.4836538461538461,17417.755695517295,0.0015904572564611,1.8050773908891173e-05,True,True,True,,mean_domain_loss_with_stockout_drift_tiebreaker,cargo > atm > grocery > cold_chain,atm > cargo > grocery > cold_chain,True,0.8,,False,False,final_full_required: domain ranking flip
X-n162-k11,atm,ortools:nominal_or_tools,ortools,nominal_or_tools,161,60,180,mean_domain_loss,4815.576575626586,0.4003726708074534,19614.576575626583,14799.0,True,6.11689567565918,11871.012430732248,0.3952173913043478,19418.35075350585,0.0130441615590129,0.0101051744616006,True,True,True,,mean_domain_loss_with_stockout_drift_tiebreaker,cargo > atm > grocery > cold_chain,cargo > atm > grocery > cold_chain,False,1.0,,True,True,safe
X-n162-k11,cargo,ortools:nominal_or_tools,ortools,nominal_or_tools,161,60,180,mean_domain_loss,3661.7074902174654,0.4085093167701863,18460.707490217468,14799.0,True,7.290406227111816,10767.284266089311,0.4028571428571428,18268.261638694494,0.0140302189330865,0.010534437010435,True,True,True,,mean_domain_loss_with_stockout_drift_tiebreaker,cargo > atm > grocery > cold_chain,cargo > atm > grocery > cold_chain,False,1.0,,True,True,safe
X-n162-k11,cold_chain,ortools:nominal_or_tools,ortools,nominal_or_tools,161,60,180,mean_domain_loss,4726.172248459723,0.3942857142857143,21918.51662920893,14799.0,True,6.010054588317871,12302.646101905724,0.3896894409937888,21711.56956811115,0.011794708320051,0.0095316490338744,True,True,True,,mean_domain_loss_with_stockout_drift_tiebreaker,cargo > atm > grocery > cold_chain,cargo > atm > grocery > cold_chain,False,1.0,,True,True,safe
X-n162-k11,grocery,ortools:nominal_or_tools,ortools,nominal_or_tools,161,60,180,mean_domain_loss,3213.922116205976,0.3975776397515528,18012.922116205977,14799.0,True,5.457880973815918,5596.760676503945,0.3926708074534161,17840.806735765636,0.012496045555204,0.0096472868626113,True,True,True,,mean_domain_loss_with_stockout_drift_tiebreaker,cargo > atm > grocery > cold_chain,cargo > atm > grocery > cold_chain,False,1.0,,True,True,safe
X-n167-k10,atm,ortools:robust_mean_1std_scaled_seed113_or_tools,ortools,robust_mean_1std_scaled_seed113_or_tools,166,60,180,mean_domain_loss,443.57169432582623,0.3768072289156626,23001.571694325827,22558.0,True,7.487889766693115,829.6900981170401,0.3770481927710843,22998.035946183325,0.0006390797251957,0.0001537413086393,True,True,True,,mean_domain_loss_with_stockout_drift_tiebreaker,atm > cargo > grocery > cold_chain,atm > cargo > grocery > cold_chain,False,1.0,,True,True,safe
X-n167-k10,cargo,ortools:robust_mean_1std_scaled_seed113_or_tools,ortools,robust_mean_1std_scaled_seed113_or_tools,166,60,180,mean_domain_loss,333.1214998580355,0.3760843373493976,22891.12149985804,22558.0,True,8.338058948516846,743.1368373989146,0.3753012048192771,22887.81569459823,0.0020866773675763,0.0001444351572872,True,True,True,,mean_domain_loss_with_stockout_drift_tiebreaker,atm > cargo > grocery > cold_chain,atm > cargo > grocery > cold_chain,False,1.0,,True,True,safe
X-n167-k10,cold_chain,ortools:robust_mean_1std_scaled_seed113_or_tools,ortools,robust_mean_1std_scaled_seed113_or_tools,166,60,180,mean_domain_loss,448.8709779242532,0.3717469879518072,23249.55101040475,22558.0,True,7.87442946434021,986.8034417443452,0.370722891566265,23247.09557417613,0.0027624309392265,0.0001056233550027,True,True,True,,mean_domain_loss_with_stockout_drift_tiebreaker,atm > cargo > grocery > cold_chain,atm > cargo > grocery > cold_chain,False,1.0,,True,True,safe
X-n167-k10,grocery,ortools:robust_mean_1std_scaled_seed113_or_tools,ortools,robust_mean_1std_scaled_seed113_or_tools,166,60,180,mean_domain_loss,303.30028328423714,0.3751204819277108,22861.300283284243,22558.0,True,7.763702154159546,417.19822018507045,0.3748192771084337,22859.49486180876,0.0008036001285759,7.897906259079556e-05,True,True,True,,mean_domain_loss_with_stockout_drift_tiebreaker,atm > cargo > grocery > cold_chain,atm > cargo > grocery > cold_chain,False,1.0,,True,True,safe
X-n181-k23,atm,ortools:quantile_p75_scaled_seed107_or_tools,ortools,quantile_p75_scaled_seed107_or_tools,180,60,180,mean_domain_loss,75.5893669804617,0.4266111111111111,26330.589366980465,26255.0,True,9.479619979858398,150.3459973345204,0.4283333333333333,26329.88725901536,0.0040207522697795,2.666581737306089e-05,True,True,True,,mean_domain_loss_with_stockout_drift_tiebreaker,grocery > cargo > atm > cold_chain,grocery > atm > cargo > cold_chain,True,0.8,,False,False,final_full_required: domain ranking flip
X-n181-k23,cargo,ortools:quantile_p75_scaled_seed107_or_tools,ortools,quantile_p75_scaled_seed107_or_tools,180,60,180,mean_domain_loss,57.482577926018486,0.4287222222222222,26312.482577926017,26255.0,True,9.21590256690979,136.20160621288034,0.4275555555555556,26311.85973155118,0.0027286902286901,2.367169714312007e-05,True,True,True,,mean_domain_loss_with_stockout_drift_tiebreaker,grocery > cargo > atm > cold_chain,grocery > atm > cargo > cold_chain,True,0.8,,False,False,final_full_required: domain ranking flip
X-n181-k23,cold_chain,ortools:quantile_p75_scaled_seed107_or_tools,ortools,quantile_p75_scaled_seed107_or_tools,180,60,180,mean_domain_loss,69.40891443041494,0.4261111111111111,26357.49487708177,26255.0,True,5.637242078781128,158.67841478965804,0.425,26356.81729659445,0.0026143790849673,2.5707978307582103e-05,True,True,True,,mean_domain_loss_with_stockout_drift_tiebreaker,grocery > cargo > atm > cold_chain,grocery > atm > cargo > cold_chain,True,0.8,,False,False,final_full_required: domain ranking flip
X-n181-k23,grocery,ortools:robust_mean_1std_scaled_seed113_or_tools,ortools,robust_mean_1std_scaled_seed113_or_tools,180,60,180,mean_domain_loss,48.449855058303626,0.4345555555555555,26233.44985505832,26185.0,True,6.010260105133057,72.05742387928242,0.4334444444444444,26233.101156696488,0.0025634452704432,1.329230424372938e-05,True,True,True,,mean_domain_loss_with_stockout_drift_tiebreaker,grocery > cargo > atm > cold_chain,grocery > atm > cargo > cold_chain,True,0.8,,False,False,final_full_required: domain ranking flip
X-n186-k15,atm,ortools:nominal_seed103_or_tools,ortools,nominal_seed103_or_tools,185,60,180,mean_domain_loss,5778.326281704928,0.3857297297297297,32244.326281704925,26466.0,True,9.796679735183716,11220.318263983769,0.3845945945945946,32188.506404115848,0.0029515108924805,0.0017341555674649,True,True,True,,mean_domain_loss_with_stockout_drift_tiebreaker,atm > grocery > cargo > cold_chain,atm > grocery > cargo > cold_chain,False,1.0,,True,True,safe
X-n186-k15,cargo,ortools:nominal_seed103_or_tools,ortools,nominal_seed103_or_tools,185,60,180,mean_domain_loss,4391.589358851886,0.3843243243243243,30857.58935885188,26466.0,True,10.944101572036743,10125.168559864334,0.3835135135135135,30811.396091026323,0.0021141649048624,0.0014992267045962,True,True,True,,mean_domain_loss_with_stockout_drift_tiebreaker,atm > grocery > cargo > cold_chain,atm > grocery > cargo > cold_chain,False,1.0,,True,True,safe
X-n186-k15,cold_chain,ortools:nominal_seed103_or_tools,ortools,nominal_seed103_or_tools,185,60,180,mean_domain_loss,5618.8257514309325,0.3831891891891892,34772.917499021045,26466.0,True,7.459343433380127,12308.188782879652,0.3812432432432432,34709.047906911255,0.0051042109740535,0.0018401424401235,True,True,True,,mean_domain_loss_with_stockout_drift_tiebreaker,atm > grocery > cargo > cold_chain,atm > grocery > cargo > cold_chain,False,1.0,,True,True,safe
X-n186-k15,grocery,ortools:nominal_seed103_or_tools,ortools,nominal_seed103_or_tools,185,60,180,mean_domain_loss,3839.994739193153,0.3848108108108108,30305.99473919316,26466.0,True,6.96979546546936,5483.6250989991,0.3839459459459459,30264.0358854716,0.0022525693368999,0.0013864262479844,True,True,True,,mean_domain_loss_with_stockout_drift_tiebreaker,atm > grocery > cargo > cold_chain,atm > grocery > cargo > cold_chain,False,1.0,,True,True,safe
X-n190-k8,atm,ortools:robust_mean_1std_scaled_or_tools,ortools,robust_mean_1std_scaled_or_tools,189,60,180,mean_domain_loss,486.7975107867703,0.4202645502645503,18833.79751078677,18347.0,True,8.21511197090149,911.7629599174396,0.4182539682539682,18818.397864042498,0.0048070841239721,0.0008183293208875,True,True,True,,mean_domain_loss_with_stockout_drift_tiebreaker,atm > grocery > cargo > cold_chain,atm > grocery > cargo > cold_chain,False,1.0,,True,True,safe
X-n190-k8,cargo,ortools:robust_mean_1std_scaled_or_tools,ortools,robust_mean_1std_scaled_or_tools,189,60,180,mean_domain_loss,366.3573426887777,0.4159259259259259,18713.35734268878,18347.0,True,9.213689088821411,818.8852632247747,0.4125396825396825,18698.49526303561,0.008208285237912,0.0007948275753799,True,True,True,,mean_domain_loss_with_stockout_drift_tiebreaker,atm > grocery > cargo > cold_chain,atm > grocery > cargo > cold_chain,False,1.0,,True,True,safe
X-n190-k8,cold_chain,ortools:quantile_p90_scaled_or_tools,ortools,quantile_p90_scaled_or_tools,189,60,180,mean_domain_loss,461.8721033360076,0.4116931216931216,18992.32252451869,18321.0,True,7.558423042297363,991.6480645892328,0.4113227513227513,18976.22563289,0.0009004373552866,0.0008482662432507,True,True,True,,mean_domain_loss_with_stockout_drift_tiebreaker,atm > grocery > cargo > cold_chain,atm > grocery > cargo > cold_chain,False,1.0,,True,True,safe
X-n190-k8,grocery,ortools:robust_mean_1std_scaled_or_tools,ortools,robust_mean_1std_scaled_or_tools,189,60,180,mean_domain_loss,316.5356045261514,0.4185185185185185,18663.53560452615,18347.0,True,6.353872060775757,440.7604343157368,0.4169841269841269,18648.78815426421,0.0036797360741023,0.0007907993881397,True,True,True,,mean_domain_loss_with_stockout_drift_tiebreaker,atm > grocery > cargo > cold_chain,atm > grocery > cargo > cold_chain,False,1.0,,True,True,safe
X-n204-k19,atm,ortools:nominal_or_tools,ortools,nominal_or_tools,203,60,180,mean_domain_loss,6616.685628818983,0.4197536945812808,27937.685628818977,21321.0,True,9.452009439468384,11535.237783213106,0.4198029556650246,27795.07556567061,0.0001173433466321,0.0051307672400972,True,True,True,,mean_domain_loss_with_stockout_drift_tiebreaker,cargo > atm > grocery > cold_chain,grocery > cargo > atm > cold_chain,True,0.4,,False,False,final_full_required: domain ranking flip
X-n204-k19,cargo,ortools:nominal_seed101_or_tools,ortools,nominal_seed101_or_tools,203,60,180,mean_domain_loss,5015.905329061885,0.4217733990147783,26465.90532906189,21450.0,True,9.811187505722046,10321.55672000867,0.4199507389162561,26314.47680678751,0.004340175953079,0.0057545708921456,True,True,True,,mean_domain_loss_with_stockout_drift_tiebreaker,cargo > atm > grocery > cold_chain,grocery > cargo > atm > cold_chain,True,0.4,,False,False,final_full_required: domain ranking flip
X-n204-k19,cold_chain,ortools:nominal_seed101_or_tools,ortools,nominal_seed101_or_tools,203,60,180,mean_domain_loss,6188.924602666771,0.4175369458128078,30566.24581081176,21450.0,True,6.365842580795288,12884.452194897483,0.4166995073891625,30447.74624876483,0.0020096938172359,0.0038918992912895,True,True,True,,mean_domain_loss_with_stockout_drift_tiebreaker,cargo > atm > grocery > cold_chain,grocery > cargo > atm > cold_chain,True,0.4,,False,False,final_full_required: domain ranking flip
X-n204-k19,grocery,ortools:nominal_or_tools,ortools,nominal_or_tools,203,60,180,mean_domain_loss,4265.756337547114,0.4192118226600985,25586.75633754711,21321.0,True,6.432154417037964,5690.18532004839,0.42,25455.28743519696,0.0018766127140511,0.005164699188129,True,True,True,,mean_domain_loss_with_stockout_drift_tiebreaker,cargo > atm > grocery > cold_chain,grocery > cargo > atm > cold_chain,True,0.4,,False,False,final_full_required: domain ranking flip
X-n209-k16,atm,ortools:quantile_p75_scaled_or_tools,ortools,quantile_p75_scaled_or_tools,208,60,180,mean_domain_loss,637.8894045413869,0.4148076923076923,33614.88940454138,32977.0,True,8.050026178359985,1335.2544397340046,0.4117307692307692,33549.292222653006,0.0074731433909388,0.0019552478619529,True,True,True,,mean_domain_loss_with_stockout_drift_tiebreaker,atm > cargo > grocery > cold_chain,atm > grocery > cargo > cold_chain,True,0.8,,False,False,final_full_required: domain ranking flip
X-n209-k16,cargo,ortools:quantile_p75_scaled_or_tools,ortools,quantile_p75_scaled_or_tools,208,60,180,mean_domain_loss,482.5122508752145,0.4133173076923077,33459.51225087522,32977.0,True,9.668493509292604,1203.169745276262,0.4092307692307692,33393.92132736571,0.009985902255639,0.0019641575742636,True,True,True,,mean_domain_loss_with_stockout_drift_tiebreaker,atm > cargo > grocery > cold_chain,atm > grocery > cargo > cold_chain,True,0.8,,False,False,final_full_required: domain ranking flip
X-n209-k16,cold_chain,ortools:quantile_p75_scaled_or_tools,ortools,quantile_p75_scaled_or_tools,208,60,180,mean_domain_loss,605.6372658704969,0.4105288461538461,33880.4868771417,32977.0,True,7.005406856536865,1424.287522378669,0.4063461538461538,33815.43724540563,0.0102934216753429,0.0019236667343377,True,True,True,,mean_domain_loss_with_stockout_drift_tiebreaker,atm > cargo > grocery > cold_chain,atm > grocery > cargo > cold_chain,True,0.8,,False,False,final_full_required: domain ranking flip
X-n209-k16,grocery,ortools:quantile_p75_scaled_or_tools,ortools,quantile_p75_scaled_or_tools,208,60,180,mean_domain_loss,417.0369199489994,0.4125961538461538,33394.036919949,32977.0,True,6.270878553390503,639.1696452085224,0.4099038461538462,33330.50432409414,0.0065681444991787,0.0019061396502463,True,True,True,,mean_domain_loss_with_stockout_drift_tiebreaker,atm > cargo > grocery > cold_chain,atm > grocery > cargo > cold_chain,True,0.8,,False,False,final_full_required: domain ranking flip
X-n214-k11,atm,ortools:robust_mean_1std_scaled_or_tools,ortools,robust_mean_1std_scaled_or_tools,213,60,180,mean_domain_loss,5350.03900435668,0.4809859154929577,19073.03900435668,13723.0,True,12.610215663909912,9989.188785378876,0.4814084507042253,19033.97008624997,0.0008777062609713,0.0020525890252885,True,True,True,,mean_domain_loss_with_stockout_drift_tiebreaker,atm > grocery > cargo > cold_chain,atm > grocery > cargo > cold_chain,False,1.0,,True,True,safe
X-n214-k11,cargo,ortools:nominal_or_tools,ortools,nominal_or_tools,213,60,180,mean_domain_loss,4034.2305020872304,0.4735211267605634,16893.23050208723,12859.0,True,12.151260137557983,8817.2867506928,0.4700469483568075,16868.804623790184,0.0073911306432282,0.0014479910605282,True,True,True,,mean_domain_loss_with_stockout_drift_tiebreaker,atm > grocery > cargo > cold_chain,atm > grocery > cargo > cold_chain,False,1.0,,True,True,safe
X-n214-k11,cold_chain,ortools:proxy_mean_scaled_seed109_or_tools,ortools,proxy_mean_scaled_seed109_or_tools,213,60,180,mean_domain_loss,4754.270967971108,0.4639906103286385,20116.66999958567,13296.0,True,8.961918115615845,10323.472472033747,0.4630516431924882,20083.862894928712,0.0020277805941396,0.0016335057069743,True,True,True,,mean_domain_loss_with_stockout_drift_tiebreaker,atm > grocery > cargo > cold_chain,atm > grocery > cargo > cold_chain,False,1.0,,True,True,safe
X-n214-k11,grocery,ortools:quantile_p75_scaled_seed107_or_tools,ortools,quantile_p75_scaled_seed107_or_tools,213,60,180,mean_domain_loss,3313.446909964254,0.4739436619718309,16047.446909964254,12734.0,True,7.302668809890747,4814.652796771432,0.4738967136150235,16030.484623132,9.906875371485948e-05,0.00105812688955,True,True,True,,mean_domain_loss_with_stockout_drift_tiebreaker,atm > grocery > cargo > cold_chain,atm > grocery > cargo > cold_chain,False,1.0,,True,True,safe
X-n219-k73,atm,ortools:nominal_seed101_or_tools,ortools,nominal_seed101_or_tools,218,60,180,mean_domain_loss,105.19441282386438,0.4762844036697247,118252.19441282388,118147.0,True,5.055273771286011,199.93433722384444,0.4760091743119266,118251.6622443514,0.0005782017924253,4.500304371127278e-06,True,True,True,,mean_domain_loss_with_stockout_drift_tiebreaker,atm > grocery > cargo > cold_chain,atm > grocery > cargo > cold_chain,False,1.0,,True,True,safe
X-n219-k73,cargo,ortools:nominal_or_tools,ortools,nominal_or_tools,218,60,180,mean_domain_loss,79.95994834386953,0.4738532110091743,118488.95994834388,118409.0,True,4.662405490875244,181.38709333937092,0.473394495412844,118488.4939955973,0.0009689922480619,3.932472520091071e-06,True,True,True,,mean_domain_loss_with_stockout_drift_tiebreaker,atm > grocery > cargo > cold_chain,atm > grocery > cargo > cold_chain,False,1.0,,True,True,safe
X-n219-k73,cold_chain,ortools:quantile_p75_scaled_seed107_or_tools,ortools,quantile_p75_scaled_seed107_or_tools,218,60,180,mean_domain_loss,91.85343474350891,0.473348623853211,118608.71344815994,118477.0,True,4.404548406600952,203.59949219258587,0.473348623853211,118608.10311710092,0.0,5.145778770473134e-06,True,True,True,,mean_domain_loss_with_stockout_drift_tiebreaker,atm > grocery > cargo > cold_chain,atm > grocery > cargo > cold_chain,False,1.0,,True,True,safe
X-n219-k73,grocery,ortools:quantile_p75_scaled_seed107_or_tools,ortools,quantile_p75_scaled_seed107_or_tools,218,60,180,mean_domain_loss,64.92434524441275,0.475045871559633,118541.92434524444,118477.0,True,4.325246572494507,93.47305375597033,0.4744036697247706,118541.58777406944,0.001353703345581,2.839266634721945e-06,True,True,True,,mean_domain_loss_with_stockout_drift_tiebreaker,atm > grocery > cargo > cold_chain,atm > grocery > cargo > cold_chain,False,1.0,,True,True,safe
X-n223-k34,atm,ortools:robust_mean_1std_scaled_or_tools,ortools,robust_mean_1std_scaled_or_tools,222,60,180,mean_domain_loss,605.468509961756,0.4545045045045045,48238.46850996176,47633.0,True,10.197958946228027,1182.9023962945057,0.4499549549549549,48235.403730295,0.0101111222344579,6.353797065544503e-05,True,True,True,,mean_domain_loss_with_stockout_drift_tiebreaker,grocery > atm > cold_chain > cargo,grocery > atm > cold_chain > cargo,False,1.0,,True,True,safe
X-n223-k34,cargo,ortools:robust_mean_1std_scaled_or_tools,ortools,robust_mean_1std_scaled_or_tools,222,60,180,mean_domain_loss,453.2221092278894,0.4399549549549549,48086.2221092279,47633.0,True,10.682899951934814,1051.5999086390163,0.4402702702702702,48083.921808148014,0.0007161857990588,4.783929832229054e-05,True,True,True,,mean_domain_loss_with_stockout_drift_tiebreaker,grocery > atm > cold_chain > cargo,grocery > atm > cold_chain > cargo,False,1.0,,True,True,safe
X-n223-k34,cold_chain,ortools:robust_mean_1std_scaled_or_tools,ortools,robust_mean_1std_scaled_or_tools,222,60,180,mean_domain_loss,550.1291828704235,0.4450900900900901,48424.999761371975,47633.0,True,7.161093711853027,1229.7384265111532,0.4422522522522522,48422.39870864621,0.0064167854960277,5.371589997880918e-05,True,True,True,,mean_domain_loss_with_stockout_drift_tiebreaker,grocery > atm > cold_chain > cargo,grocery > atm > cold_chain > cargo,False,1.0,,True,True,safe
X-n223-k34,grocery,ortools:quantile_p75_scaled_seed107_or_tools,ortools,quantile_p75_scaled_seed107_or_tools,222,60,180,mean_domain_loss,381.3521717711161,0.4559459459459459,44498.35217177113,44117.0,True,5.601850271224976,561.9608370569093,0.4523873873873874,44496.46339621328,0.0078661754455839,4.244776806257033e-05,True,True,True,,mean_domain_loss_with_stockout_drift_tiebreaker,grocery > atm > cold_chain > cargo,grocery > atm > cold_chain > cargo,False,1.0,,True,True,safe
X-n228-k23,atm,ortools:nominal_or_tools,ortools,nominal_or_tools,227,60,180,mean_domain_loss,1932.4947434032856,0.4643612334801762,32281.49474340328,30349.0,True,10.09265947341919,3620.825939580155,0.457885462555066,32270.92415974157,0.0141427746776987,0.0003275575130535,True,True,True,,mean_domain_loss_with_stockout_drift_tiebreaker,atm > grocery > cold_chain > cargo,atm > grocery > cold_chain > cargo,False,1.0,,True,True,safe
X-n228-k23,cargo,ortools:nominal_or_tools,ortools,nominal_or_tools,227,60,180,mean_domain_loss,1452.531931596886,0.4522026431718061,31801.53193159689,30349.0,True,10.610132932662964,3213.484901359966,0.446431718061674,31791.089593210785,0.0129267811328199,0.0003284674580117,True,True,True,,mean_domain_loss_with_stockout_drift_tiebreaker,atm > grocery > cold_chain > cargo,atm > grocery > cold_chain > cargo,False,1.0,,True,True,safe
X-n228-k23,cold_chain,ortools:nominal_or_tools,ortools,nominal_or_tools,227,60,180,mean_domain_loss,1753.5634629357414,0.4531718061674009,32740.61240900832,30349.0,True,8.518687009811401,3700.938134616883,0.448942731277533,32729.78286758592,0.0094200765381218,0.000330877276706,True,True,True,,mean_domain_loss_with_stockout_drift_tiebreaker,atm > grocery > cold_chain > cargo,atm > grocery > cold_chain > cargo,False,1.0,,True,True,safe
X-n228-k23,grocery,ortools:nominal_or_tools,ortools,nominal_or_tools,227,60,180,mean_domain_loss,1209.510749296349,0.4573568281938326,31558.51074929635,30349.0,True,8.336216449737549,1743.8090692472567,0.4543171806167401,31552.749964325645,0.0066905846989237,0.0001825763198839,True,True,True,,mean_domain_loss_with_stockout_drift_tiebreaker,atm > grocery > cold_chain > cargo,atm > grocery > cold_chain > cargo,False,1.0,,True,True,safe
X-n233-k16,atm,ortools:proxy_mean_scaled_or_tools,ortools,proxy_mean_scaled_or_tools,232,60,180,mean_domain_loss,4800.463837344079,0.4544827586206896,28089.46383734408,23289.0,True,11.316450595855711,10403.539277976051,0.4518103448275862,28069.25579499483,0.0059149017363097,0.0007199350954239,True,True,True,,mean_domain_loss_with_stockout_drift_tiebreaker,cargo > grocery > atm > cold_chain,cargo > grocery > atm > cold_chain,False,1.0,,True,True,safe
X-n233-k16,cargo,ortools:robust_mean_2std_scaled_or_tools,ortools,robust_mean_2std_scaled_or_tools,232,60,180,mean_domain_loss,3601.657942746084,0.4839224137931034,27543.65794274609,23942.0,True,12.907687425613403,9169.148089875282,0.4823706896551724,27523.74600841424,0.0032168706996692,0.0007234456503764,True,True,True,,mean_domain_loss_with_stockout_drift_tiebreaker,cargo > grocery > atm > cold_chain,cargo > grocery > atm > cold_chain,False,1.0,,True,True,safe
X-n233-k16,cold_chain,ortools:proxy_mean_scaled_or_tools,ortools,proxy_mean_scaled_or_tools,232,60,180,mean_domain_loss,4350.929914762233,0.4484051724137931,29382.33127342654,23289.0,True,8.630509376525879,10304.064243737592,0.4456465517241379,29366.355237658856,0.006190153786633,0.0005440251484527,True,True,True,,mean_domain_loss_with_stockout_drift_tiebreaker,cargo > grocery > atm > cold_chain,cargo > grocery > atm > cold_chain,False,1.0,,True,True,safe
X-n233-k16,grocery,ortools:robust_mean_1std_scaled_seed113_or_tools,ortools,robust_mean_1std_scaled_seed113_or_tools,232,60,180,mean_domain_loss,3039.82537978708,0.4638793103448276,27268.82537978708,24229.0,True,7.580175161361694,4983.849368323982,0.4619827586206896,27216.12668100385,0.0041052435155812,0.0019363041405891,True,True,True,,mean_domain_loss_with_stockout_drift_tiebreaker,cargo > grocery > atm > cold_chain,cargo > grocery > atm > cold_chain,False,1.0,,True,True,safe
X-n237-k14,atm,ortools:nominal_or_tools,ortools,nominal_or_tools,236,60,180,mean_domain_loss,106.92074236707346,0.4710169491525424,29115.92074236708,29009.0,True,11.482840061187744,230.4215781722622,0.4722033898305084,29115.07701232636,0.0025125628140703,2.897914507891677e-05,True,True,True,,mean_domain_loss_with_stockout_drift_tiebreaker,cargo > atm > grocery > cold_chain,cargo > atm > grocery > cold_chain,False,1.0,,True,True,safe
X-n237-k14,cargo,ortools:robust_mean_1std_scaled_seed113_or_tools,ortools,robust_mean_1std_scaled_seed113_or_tools,236,60,180,mean_domain_loss,81.11355843149062,0.4732627118644067,28974.113558431487,28893.0,True,12.368421792984009,210.18926035369287,0.473135593220339,28973.42643290662,0.0002686727565823,2.3715715034854445e-05,True,True,True,,mean_domain_loss_with_stockout_drift_tiebreaker,cargo > atm > grocery > cold_chain,cargo > atm > grocery > cold_chain,False,1.0,,True,True,safe
X-n237-k14,cold_chain,ortools:nominal_or_tools,ortools,nominal_or_tools,236,60,180,mean_domain_loss,94.39519033063144,0.4699576271186441,29146.56188113991,29009.0,True,11.139750957489014,232.01481189115125,0.4698305084745762,29145.8245433032,0.0002705627705628,2.5298232191594515e-05,True,True,True,,mean_domain_loss_with_stockout_drift_tiebreaker,cargo > atm > grocery > cold_chain,cargo > atm > grocery > cold_chain,False,1.0,,True,True,safe
X-n237-k14,grocery,ortools:nominal_seed103_or_tools,ortools,nominal_seed103_or_tools,236,60,180,mean_domain_loss,66.3803768494011,0.4702966101694915,28585.380376849404,28519.0,True,11.007099151611328,106.34890864798476,0.4703389830508475,28584.893735341,9.00900900902362e-05,1.7024429508561948e-05,True,True,True,,mean_domain_loss_with_stockout_drift_tiebreaker,cargo > atm > grocery > cold_chain,cargo > atm > grocery > cold_chain,False,1.0,,True,True,safe
X-n242-k48,atm,ortools:quantile_p75_scaled_or_tools,ortools,quantile_p75_scaled_or_tools,241,60,180,mean_domain_loss,687.2225261076482,0.4731120331950207,92490.22252610764,91803.0,True,5.795928716659546,1240.4668895537911,0.4678008298755187,92152.92446045676,0.0113535568564838,0.0036601992571121,True,True,True,,mean_domain_loss_with_stockout_drift_tiebreaker,atm > grocery > cold_chain > cargo,atm > grocery > cold_chain > cargo,False,1.0,,True,True,safe
X-n242-k48,cargo,ortools:quantile_p75_scaled_or_tools,ortools,quantile_p75_scaled_or_tools,241,60,180,mean_domain_loss,517.0942082228623,0.4636514522821576,92320.09420822289,91803.0,True,6.406408786773682,1096.281471524571,0.4583817427385892,91983.61050984725,0.0114963338462929,0.0036580831792815,True,True,True,,mean_domain_loss_with_stockout_drift_tiebreaker,atm > grocery > cold_chain > cargo,atm > grocery > cold_chain > cargo,False,1.0,,True,True,safe
X-n242-k48,cold_chain,ortools:quantile_p75_scaled_seed107_or_tools,ortools,quantile_p75_scaled_seed107_or_tools,241,60,180,mean_domain_loss,612.1197397127369,0.4664730290456431,90643.55106269669,89764.0,True,5.839308977127075,1301.2589550955918,0.4619917012448132,90640.42548265508,0.0097000179629961,3.4483289602327154e-05,True,True,True,,mean_domain_loss_with_stockout_drift_tiebreaker,atm > grocery > cold_chain > cargo,atm > grocery > cold_chain > cargo,False,1.0,,True,True,safe
X-n242-k48,grocery,ortools:quantile_p75_scaled_seed107_or_tools,ortools,quantile_p75_scaled_seed107_or_tools,241,60,180,mean_domain_loss,427.0478571551005,0.471701244813278,90191.04785715508,89764.0,True,5.55776834487915,596.8713196228742,0.4677178423236514,90188.86768441656,0.0085166784953868,2.417341291123164e-05,True,True,True,,mean_domain_loss_with_stockout_drift_tiebreaker,atm > grocery > cold_chain > cargo,atm > grocery > cold_chain > cargo,False,1.0,,True,True,safe
X-n251-k28,atm,ortools:nominal_seed103_or_tools,ortools,nominal_seed103_or_tools,250,60,180,mean_domain_loss,822.1565327390407,0.42964,41344.15653273905,40522.0,True,9.124170303344728,1624.6382867928282,0.42964,41338.98707027971,0.0,0.000125050535238,True,True,True,,mean_domain_loss_with_stockout_drift_tiebreaker,atm > grocery > cargo > cold_chain,atm > grocery > cargo > cold_chain,False,1.0,,True,True,safe
X-n251-k28,cargo,ortools:nominal_seed103_or_tools,ortools,nominal_seed103_or_tools,250,60,180,mean_domain_loss,622.3337922050911,0.42608,41144.33379220509,40522.0,True,9.74935007095337,1457.5003252459194,0.4256,41139.05818487121,0.0011278195488722,0.0001282384081369,True,True,True,,mean_domain_loss_with_stockout_drift_tiebreaker,atm > grocery > cargo > cold_chain,atm > grocery > cargo > cold_chain,False,1.0,,True,True,safe
X-n251-k28,cold_chain,ortools:nominal_seed103_or_tools,ortools,nominal_seed103_or_tools,250,60,180,mean_domain_loss,760.0884446383731,0.42488,41638.02320830903,40522.0,True,6.855988502502441,1716.592415859548,0.42432,41632.81113553463,0.0013197586726998,0.0001251914687537,True,True,True,,mean_domain_loss_with_stockout_drift_tiebreaker,atm > grocery > cargo > cold_chain,atm > grocery > cargo > cold_chain,False,1.0,,True,True,safe
X-n251-k28,grocery,ortools:nominal_seed103_or_tools,ortools,nominal_seed103_or_tools,250,60,180,mean_domain_loss,526.2231918762034,0.42864,41048.223191876205,40522.0,True,6.830459117889404,776.4194813183484,0.4284,41045.32808456882,0.0005602240896358,7.053439313285578e-05,True,True,True,,mean_domain_loss_with_stockout_drift_tiebreaker,atm > grocery > cargo > cold_chain,atm > grocery > cargo > cold_chain,False,1.0,,True,True,safe
X-n261-k13,atm,ortools:quantile_p75_scaled_seed107_or_tools,ortools,quantile_p75_scaled_seed107_or_tools,260,60,180,mean_domain_loss,6472.716956622075,0.4312307692307692,37942.71695662207,31470.0,True,11.854532480239868,12221.39676441344,0.4305384615384615,37863.03581314995,0.0016080042880113,0.0021044573357861,True,True,True,,mean_domain_loss_with_stockout_drift_tiebreaker,grocery > atm > cargo > cold_chain,grocery > atm > cargo > cold_chain,False,1.0,,True,True,safe
X-n261-k13,cargo,ortools:quantile_p75_scaled_seed107_or_tools,ortools,quantile_p75_scaled_seed107_or_tools,260,60,180,mean_domain_loss,4853.467044855404,0.4269230769230769,36323.4670448554,31470.0,True,13.802785158157349,10954.23390825998,0.4241538461538461,36265.64345634999,0.0065288356909683,0.0015944454032645,True,True,True,,mean_domain_loss_with_stockout_drift_tiebreaker,grocery > atm > cargo > cold_chain,grocery > atm > cargo > cold_chain,False,1.0,,True,True,safe
X-n261-k13,cold_chain,ortools:proxy_mean_scaled_seed109_or_tools,ortools,proxy_mean_scaled_seed109_or_tools,260,60,180,mean_domain_loss,6034.878095436351,0.4185,39158.927478137375,30438.0,True,8.0665864944458,13065.852180282249,0.416,39059.5229585093,0.0060096153846153,0.0025449496588492,True,True,True,,mean_domain_loss_with_stockout_drift_tiebreaker,grocery > atm > cargo > cold_chain,grocery > atm > cargo > cold_chain,False,1.0,,True,True,safe
X-n261-k13,grocery,ortools:robust_mean_2std_scaled_or_tools,ortools,robust_mean_2std_scaled_or_tools,260,60,180,mean_domain_loss,4166.924429747479,0.4359230769230769,36129.924429747465,31963.0,True,7.886445999145508,5895.237326307818,0.4354230769230769,36086.57415522303,0.0011483084533168,0.0012012853960025,True,True,True,,mean_domain_loss_with_stockout_drift_tiebreaker,grocery > atm > cargo > cold_chain,grocery > atm > cargo > cold_chain,False,1.0,,True,True,safe
X-n275-k28,atm,ortools:quantile_p75_scaled_seed107_or_tools,ortools,quantile_p75_scaled_seed107_or_tools,274,60,180,mean_domain_loss,107.69324463157996,0.412992700729927,22533.69324463158,22426.0,True,16.62863779067993,243.6075763716132,0.4136496350364964,22532.995241576325,0.0015881418740074,3.097693172930028e-05,True,True,True,,mean_domain_loss_with_stockout_drift_tiebreaker,grocery > cargo > atm > cold_chain,grocery > cargo > atm > cold_chain,False,1.0,,True,True,safe
X-n275-k28,cargo,ortools:nominal_seed103_or_tools,ortools,nominal_seed103_or_tools,274,60,180,mean_domain_loss,82.3040723035368,0.4152554744525547,22548.304072303534,22466.0,True,17.178523302078247,219.9336433387535,0.4148905109489051,22547.75583025416,0.0008796622097112,2.431470579595972e-05,True,True,True,,mean_domain_loss_with_stockout_drift_tiebreaker,grocery > cargo > atm > cold_chain,grocery > cargo > atm > cold_chain,False,1.0,,True,True,safe
X-n275-k28,cold_chain,ortools:nominal_seed103_or_tools,ortools,nominal_seed103_or_tools,274,60,180,mean_domain_loss,101.01475774960392,0.412956204379562,22617.642823582184,22466.0,True,12.213400840759276,251.29816078021204,0.4126277372262774,22617.041275068063,0.000796037502211,2.659713562007831e-05,True,True,True,,mean_domain_loss_with_stockout_drift_tiebreaker,grocery > cargo > atm > cold_chain,grocery > cargo > atm > cold_chain,False,1.0,,True,True,safe
X-n275-k28,grocery,ortools:proxy_mean_scaled_seed109_or_tools,ortools,proxy_mean_scaled_seed109_or_tools,274,60,180,mean_domain_loss,70.28798983510434,0.4154014598540146,22558.287989835106,22488.0,True,10.168358325958252,116.3529191360229,0.4154379562043795,22557.892144164583,8.785030308352816e-05,1.7547990210807383e-05,True,True,True,,mean_domain_loss_with_stockout_drift_tiebreaker,grocery > cargo > atm > cold_chain,grocery > cargo > atm > cold_chain,False,1.0,,True,True,safe
X-n280-k17,atm,ortools:proxy_mean_scaled_or_tools,ortools,proxy_mean_scaled_or_tools,279,60,180,mean_domain_loss,1805.786214553996,0.4613978494623656,40879.786214554,39074.0,True,14.175448656082152,3208.121887223661,0.4593189964157706,40871.34457325186,0.0045259461568474,0.0002065418055187,True,True,True,,mean_domain_loss_with_stockout_drift_tiebreaker,atm > cargo > grocery > cold_chain,cargo > atm > grocery > cold_chain,True,0.8,,False,False,final_full_required: domain ranking flip
X-n280-k17,cargo,ortools:proxy_mean_scaled_seed109_or_tools,ortools,proxy_mean_scaled_seed109_or_tools,279,60,180,mean_domain_loss,1354.9802332816455,0.46,39916.98023328164,38562.0,True,14.48451328277588,2816.2658382301083,0.4599283154121864,39909.99848773403,0.0001558603491272,0.0001749372541257,True,True,True,,mean_domain_loss_with_stockout_drift_tiebreaker,atm > cargo > grocery > cold_chain,cargo > atm > grocery > cold_chain,True,0.8,,False,False,final_full_required: domain ranking flip
X-n280-k17,cold_chain,ortools:proxy_mean_scaled_seed109_or_tools,ortools,proxy_mean_scaled_seed109_or_tools,279,60,180,mean_domain_loss,1617.4847616107909,0.4483154121863799,40786.01423765626,38562.0,True,11.268141269683838,3311.735273621276,0.4506093189964157,40776.52584062634,0.0050906776964684,0.0002326926297498,True,True,True,,mean_domain_loss_with_stockout_drift_tiebreaker,atm > cargo > grocery > cold_chain,cargo > atm > grocery > cold_chain,True,0.8,,False,False,final_full_required: domain ranking flip
X-n280-k17,grocery,ortools:proxy_mean_scaled_or_tools,ortools,proxy_mean_scaled_or_tools,279,60,180,mean_domain_loss,1122.0501178680888,0.4562724014336917,40196.050117868086,39074.0,True,10.929672718048096,1560.1622415299205,0.4554480286738351,40191.32840527796,0.0018100259699377,0.0001174808790222,True,True,True,,mean_domain_loss_with_stockout_drift_tiebreaker,atm > cargo > grocery > cold_chain,cargo > atm > grocery > cold_chain,True,0.8,,False,False,final_full_required: domain ranking flip
X-n284-k15,atm,ortools:robust_mean_1std_scaled_seed113_or_tools,ortools,robust_mean_1std_scaled_seed113_or_tools,283,60,180,mean_domain_loss,633.5185706748488,0.3943109540636042,23666.51857067485,23033.0,True,14.372139930725098,1183.1227355503247,0.3904240282685512,23660.332808551808,0.0099556520952122,0.0002614401992183,True,True,True,,mean_domain_loss_with_stockout_drift_tiebreaker,atm > grocery > cargo > cold_chain,atm > grocery > cargo > cold_chain,False,1.0,,True,True,safe
X-n284-k15,cargo,ortools:robust_mean_1std_scaled_or_tools,ortools,robust_mean_1std_scaled_or_tools,283,60,180,mean_domain_loss,472.7503851201091,0.3880918727915194,23623.7503851201,23151.0,True,17.364914178848267,1040.312467881393,0.3831095406360424,23619.48192468968,0.0130049806308798,0.0001807177839053,True,True,True,,mean_domain_loss_with_stockout_drift_tiebreaker,atm > grocery > cargo > cold_chain,atm > grocery > cargo > cold_chain,False,1.0,,True,True,safe
X-n284-k15,cold_chain,ortools:robust_mean_1std_scaled_or_tools,ortools,robust_mean_1std_scaled_or_tools,283,60,180,mean_domain_loss,627.9291281277341,0.3807067137809187,24088.154335397863,23151.0,True,11.537366390228271,1344.3659703320914,0.3795406360424028,24082.491408001613,0.0030723396331811,0.0002351470742918,True,True,True,,mean_domain_loss_with_stockout_drift_tiebreaker,atm > grocery > cargo > cold_chain,atm > grocery > cargo > cold_chain,False,1.0,,True,True,safe
X-n284-k15,grocery,ortools:proxy_mean_scaled_or_tools,ortools,proxy_mean_scaled_or_tools,283,60,180,mean_domain_loss,425.6482095502735,0.392791519434629,23088.64820955028,22663.0,True,11.463310480117798,592.8152777692899,0.3900706713780918,23085.89216560706,0.0069752694990488,0.0001193821717371,True,True,True,,mean_domain_loss_with_stockout_drift_tiebreaker,atm > grocery > cargo > cold_chain,atm > grocery > cargo > cold_chain,False,1.0,,True,True,safe
