Instance,Customers,Domain,Candidate,Routing Provider,Route Plan,Fast LP Scenario Limit,Full Planning Scenarios,Fast Score Metric,Fast Score Value,Fast Stockout,Fast Mean Total Cost,Fast Route Cost,Confirm Feasible,Confirm Runtime Sec,Full Objective Value Train,Full Stockout,Full Mean Total Cost,Stockout Relative Drift,Mean Total Cost Relative Drift,Stockout Drift Safe,Mean Total Cost Drift Safe,Metric Stability Safe,Reason,Fast Ranking,Full Ranking,Ranking Flip,Stockout Spearman,Ranking Note,Ranking Stable,Strict Stability Safe,Stability Status
X-n106-k14,105,atm,ortools:nominal_or_tools,ortools,nominal_or_tools,60,180,stockout_rate,0.4023809523809524,0.4023809523809524,30121.63981659178,27182.0,True,4.125568866729736,6418.463805629289,0.4041904761904762,30092.01255012778,0.004476908576814343,0.0009845558323707422,True,True,True,,cold_chain > grocery > cargo > atm,cargo > cold_chain > grocery > atm,True,0.4,,False,False,final_full_required: domain ranking flip
X-n106-k14,105,cargo,ortools:nominal_or_tools,ortools,nominal_or_tools,60,180,stockout_rate,0.4034285714285714,0.4034285714285714,29399.197196480152,27182.0,True,4.224280834197998,5772.236861915918,0.4077142857142857,29375.55582238804,0.010511562718990881,0.0008047975069834999,True,True,True,,cold_chain > grocery > cargo > atm,cargo > cold_chain > grocery > atm,True,0.4,,False,False,final_full_required: domain ranking flip
X-n106-k14,105,cold_chain,ortools:nominal_or_tools,ortools,nominal_or_tools,60,180,stockout_rate,0.40476190476190477,0.40476190476190477,31507.22406377675,27182.0,True,3.333836317062378,6982.20054789552,0.40504761904761905,31482.46165073498,0.0007053844345167928,0.0007865462782575503,True,True,True,,cold_chain > grocery > cargo > atm,cargo > cold_chain > grocery > atm,True,0.4,,False,False,final_full_required: domain ranking flip
X-n106-k14,105,grocery,ortools:nominal_or_tools,ortools,nominal_or_tools,60,180,stockout_rate,0.40476190476190477,0.40476190476190477,29145.229311287658,27182.0,True,3.072813034057617,3146.970362894026,0.4045714285714286,29129.777130020986,0.0004708097928436785,0.0005304599893676068,True,True,True,,cold_chain > grocery > cargo > atm,cargo > cold_chain > grocery > atm,True,0.4,,False,False,final_full_required: domain ranking flip
X-n110-k13,109,atm,ortools:proxy_mean_scaled_or_tools,ortools,proxy_mean_scaled_or_tools,60,180,stockout_rate,0.41944954128440365,0.41944954128440365,16790.17200769339,16426.0,True,4.021882772445679,718.5532292001506,0.4156880733944954,16789.277800694457,0.009048775104833283,5.3260599386510546e-05,True,True,True,,cargo > atm > cold_chain > grocery,cargo > atm > grocery > cold_chain,True,0.8,,False,False,final_full_required: domain ranking flip
X-n110-k13,109,cargo,ortools:proxy_mean_scaled_or_tools,ortools,proxy_mean_scaled_or_tools,60,180,stockout_rate,0.4241284403669725,0.4241284403669725,16700.398453726288,16426.0,True,4.299147129058838,643.5175470953413,0.41660550458715595,16699.74882420295,0.018057696542611853,3.890055653985914e-05,True,True,True,,cargo > atm > cold_chain > grocery,cargo > atm > grocery > cold_chain,True,0.8,,False,False,final_full_required: domain ranking flip
X-n110-k13,109,cold_chain,ortools:proxy_mean_scaled_or_tools,ortools,proxy_mean_scaled_or_tools,60,180,stockout_rate,0.41743119266055045,0.41743119266055045,16928.66133330754,16426.0,True,3.667147636413574,766.2551920633643,0.411651376146789,16926.978442703945,0.014040561622464906,9.942061480681304e-05,True,True,True,,cargo > atm > cold_chain > grocery,cargo > atm > grocery > cold_chain,True,0.8,,False,False,final_full_required: domain ranking flip
X-n110-k13,109,grocery,ortools:proxy_mean_scaled_or_tools,ortools,proxy_mean_scaled_or_tools,60,180,stockout_rate,0.41651376146788993,0.41651376146788993,16660.941123649256,16426.0,True,2.714653491973877,346.05446104839314,0.4144954128440367,16660.3969791652,0.00486941124391333,3.2660955482327226e-05,True,True,True,,cargo > atm > cold_chain > grocery,cargo > atm > grocery > cold_chain,True,0.8,,False,False,final_full_required: domain ranking flip
X-n115-k10,114,atm,ortools:nominal_or_tools,ortools,nominal_or_tools,60,180,stockout_rate,0.3907894736842105,0.3907894736842105,13888.043235337062,13099.0,True,3.569657564163208,1355.8086114980674,0.3930701754385965,13880.81875116365,0.005802276277616677,0.0005204652767911258,True,True,True,,cargo > atm > grocery > cold_chain,cargo > atm > grocery > cold_chain,False,1.0,,True,True,safe
X-n115-k10,114,cargo,ortools:nominal_or_tools,ortools,nominal_or_tools,60,180,stockout_rate,0.4004385964912281,0.4004385964912281,13691.230347302235,13099.0,True,3.477152109146118,1214.3698560312391,0.3971929824561404,13685.659066209753,0.008171378091872789,0.0004070889874961996,True,True,True,,cargo > atm > grocery > cold_chain,cargo > atm > grocery > cold_chain,False,1.0,,True,True,safe
X-n115-k10,114,cold_chain,ortools:nominal_or_tools,ortools,nominal_or_tools,60,180,stockout_rate,0.3831578947368421,0.3831578947368421,14177.35576551884,13099.0,True,3.2304913997650146,1528.5737873754917,0.3815789473684211,14171.343303344318,0.004137931034482655,0.0004242690368740714,True,True,True,,cargo > atm > grocery > cold_chain,cargo > atm > grocery > cold_chain,False,1.0,,True,True,safe
X-n115-k10,114,grocery,ortools:nominal_or_tools,ortools,nominal_or_tools,60,180,stockout_rate,0.38587719298245615,0.38587719298245615,13626.674675992115,13099.0,True,2.8152871131896973,684.2704785025038,0.3873684210526316,13622.234486261756,0.0038496376811594036,0.0003259516443383527,True,True,True,,cargo > atm > grocery > cold_chain,cargo > atm > grocery > cold_chain,False,1.0,,True,True,safe
X-n120-k6,119,atm,ortools:nominal_or_tools,ortools,nominal_or_tools,60,180,stockout_rate,0.42899159663865544,0.42899159663865544,14084.440466728185,14034.0,True,6.4262378215789795,102.74076261591087,0.4294117647058823,14084.116259960854,0.000978473581213304,2.3019319163998982e-05,True,True,True,,cold_chain > grocery > cargo > atm,grocery > cold_chain > cargo > atm,True,0.8,,False,False,final_full_required: domain ranking flip
X-n120-k6,119,cargo,ortools:nominal_or_tools,ortools,nominal_or_tools,60,180,stockout_rate,0.4292436974789916,0.4292436974789916,14072.622741154588,14034.0,True,6.409820318222046,92.90304978763749,0.43025210084033616,14072.276108842947,0.0023437500000000433,2.4632284710718425e-05,True,True,True,,cold_chain > grocery > cargo > atm,grocery > cold_chain > cargo > atm,True,0.8,,False,False,final_full_required: domain ranking flip
X-n120-k6,119,cold_chain,ortools:nominal_or_tools,ortools,nominal_or_tools,60,180,stockout_rate,0.43201680672268905,0.43201680672268905,14103.014175370912,14034.0,True,6.102895975112915,108.65545505317561,0.43134453781512605,14102.59263713456,0.0015585427625169897,2.989083264326405e-05,True,True,True,,cold_chain > grocery > cargo > atm,grocery > cold_chain > cargo > atm,True,0.8,,False,False,final_full_required: domain ranking flip
X-n120-k6,119,grocery,ortools:nominal_or_tools,ortools,nominal_or_tools,60,180,stockout_rate,0.43201680672268905,0.43201680672268905,14066.623888720329,14034.0,True,5.740518808364868,49.91634857921395,0.4319327731092437,14066.433062063043,0.00019455252918277585,1.356610140214125e-05,True,True,True,,cold_chain > grocery > cargo > atm,grocery > cold_chain > cargo > atm,True,0.8,,False,False,final_full_required: domain ranking flip
X-n129-k18,128,atm,ortools:quantile_p75_scaled_or_tools,ortools,quantile_p75_scaled_or_tools,60,180,stockout_rate,0.41609375,0.41609375,31756.31175293718,31451.0,True,4.4481353759765625,563.0747003806696,0.416015625,31753.78796666054,0.0001877934272300096,7.94798491219556e-05,True,True,True,,grocery > atm > cold_chain > cargo,atm > grocery > cargo > cold_chain,True,0.6,,False,False,final_full_required: domain ranking flip
X-n129-k18,128,cargo,ortools:quantile_p90_scaled_or_tools,ortools,quantile_p90_scaled_or_tools,60,180,stockout_rate,0.4059375,0.4059375,33262.48416944449,33039.0,True,4.658235788345337,500.80522149669713,0.408984375,33260.08483250868,0.007449856733524366,7.213862946822466e-05,True,True,True,,grocery > atm > cold_chain > cargo,atm > grocery > cargo > cold_chain,True,0.6,,False,False,final_full_required: domain ranking flip
X-n129-k18,128,cold_chain,ortools:quantile_p75_scaled_or_tools,ortools,quantile_p75_scaled_or_tools,60,180,stockout_rate,0.4065625,0.4065625,31871.153720409173,31451.0,True,4.326152563095093,623.2299165903006,0.408125,31868.761417490197,0.0038284839203675887,7.506733279136892e-05,True,True,True,,grocery > atm > cold_chain > cargo,atm > grocery > cargo > cold_chain,True,0.6,,False,False,final_full_required: domain ranking flip
X-n129-k18,128,grocery,ortools:quantile_p75_scaled_or_tools,ortools,quantile_p75_scaled_or_tools,60,180,stockout_rate,0.416328125,0.416328125,31648.46402425078,31451.0,True,3.382899761199951,271.90317820890664,0.4140625,31647.079251878626,0.005471698113207531,4.3756719573840745e-05,True,True,True,,grocery > atm > cold_chain > cargo,atm > grocery > cargo > cold_chain,True,0.6,,False,False,final_full_required: domain ranking flip
X-n134-k13,133,atm,ortools:quantile_p75_scaled_or_tools,ortools,quantile_p75_scaled_or_tools,60,180,stockout_rate,0.4604511278195489,0.4604511278195489,18505.665122454157,14712.0,True,2.98065447807312,7964.327359340954,0.4573684210526316,18469.551598199472,0.006740095347690295,0.0019553005422289125,True,True,True,,atm > grocery > cold_chain > cargo,atm > grocery > cold_chain > cargo,False,1.0,,True,True,safe
X-n134-k13,133,cargo,ortools:quantile_p75_scaled_or_tools,ortools,quantile_p75_scaled_or_tools,60,180,stockout_rate,0.4484962406015038,0.4484962406015038,17495.39892507341,14712.0,True,3.386505365371704,7010.073798760979,0.44533834586466164,17466.769834853916,0.007091001181833602,0.0016390603695003,True,True,True,,atm > grocery > cold_chain > cargo,atm > grocery > cold_chain > cargo,False,1.0,,True,True,safe
X-n134-k13,133,cold_chain,ortools:quantile_p75_scaled_or_tools,ortools,quantile_p75_scaled_or_tools,60,180,stockout_rate,0.4543609022556391,0.4543609022556391,19605.10594783722,14712.0,True,2.826545000076294,8098.260206431102,0.4527067669172932,19570.477073620328,0.0036538780933399496,0.001769444561142978,True,True,True,,atm > grocery > cold_chain > cargo,atm > grocery > cold_chain > cargo,False,1.0,,True,True,safe
X-n134-k13,133,grocery,ortools:nominal_or_tools,ortools,nominal_or_tools,60,180,stockout_rate,0.4583458646616541,0.4583458646616541,15713.694692679994,13345.0,True,2.880963087081909,3706.2919740387792,0.45654135338345864,15693.699949401553,0.003952569169960445,0.0012740617791156094,True,True,True,,atm > grocery > cold_chain > cargo,atm > grocery > cold_chain > cargo,False,1.0,,True,True,safe
X-n139-k10,138,atm,ortools:nominal_or_tools,ortools,nominal_or_tools,60,180,stockout_rate,0.41891304347826086,0.41891304347826086,15254.712424182664,14826.0,True,6.534022808074951,873.2509054565126,0.4157246376811594,15251.854176103303,0.007669513683109631,0.00018740331807259652,True,True,True,,cargo > atm > grocery > cold_chain,cargo > atm > grocery > cold_chain,False,1.0,,True,True,safe
X-n139-k10,138,cargo,ortools:nominal_or_tools,ortools,nominal_or_tools,60,180,stockout_rate,0.421231884057971,0.421231884057971,15148.825760118523,14826.0,True,6.78774881362915,774.6163577403895,0.4165217391304348,15145.880755619703,0.01130828114126655,0.00019444260431853715,True,True,True,,cargo > atm > grocery > cold_chain,cargo > atm > grocery > cold_chain,False,1.0,,True,True,safe
X-n139-k10,138,cold_chain,ortools:nominal_or_tools,ortools,nominal_or_tools,60,180,stockout_rate,0.4131159420289855,0.4131159420289855,15424.59716988034,14826.0,True,4.802305459976196,926.2498650750505,0.41289855072463766,15421.804735071846,0.0005265005265005504,0.00018107055928051562,True,True,True,,cargo > atm > grocery > cold_chain,cargo > atm > grocery > cold_chain,False,1.0,,True,True,safe
X-n139-k10,138,grocery,ortools:nominal_or_tools,ortools,nominal_or_tools,60,180,stockout_rate,0.41847826086956524,0.41847826086956524,15103.498338373483,14826.0,True,5.278471231460571,423.46229963916477,0.41557971014492756,15101.398151543217,0.006974716652136011,0.0001390723434473415,True,True,True,,cargo > atm > grocery > cold_chain,cargo > atm > grocery > cold_chain,False,1.0,,True,True,safe
X-n143-k7,142,atm,ortools:proxy_mean_or_tools,ortools,proxy_mean_or_tools,60,180,stockout_rate,0.3092957746478873,0.3092957746478873,21625.503303046535,19114.0,True,4.849365472793579,5325.581237389978,0.3093661971830986,21602.05718970956,0.0002276348736626807,0.0010853648396108354,True,True,True,,atm > cargo > grocery > cold_chain,atm > grocery > cargo > cold_chain,True,0.8,,False,False,final_full_required: domain ranking flip
X-n143-k7,142,cargo,ortools:quantile_p90_scaled_or_tools,ortools,quantile_p90_scaled_or_tools,60,180,stockout_rate,0.30809859154929575,0.30809859154929575,20394.47723166736,18531.0,True,5.1307148933410645,4730.0089396385165,0.3069718309859155,20365.37715404718,0.0036705666437254754,0.0014288995190249612,True,True,True,,atm > cargo > grocery > cold_chain,atm > grocery > cargo > cold_chain,True,0.8,,False,False,final_full_required: domain ranking flip
X-n143-k7,142,cold_chain,ortools:proxy_mean_or_tools,ortools,proxy_mean_or_tools,60,180,stockout_rate,0.3006338028169014,0.3006338028169014,23535.524158642438,19114.0,True,5.272973299026489,6451.418504303642,0.29852112676056336,23511.281041187303,0.0070771408351026095,0.001031127032706786,True,True,True,,atm > cargo > grocery > cold_chain,atm > grocery > cargo > cold_chain,True,0.8,,False,False,final_full_required: domain ranking flip
X-n143-k7,142,grocery,ortools:proxy_mean_or_tools,ortools,proxy_mean_or_tools,60,180,stockout_rate,0.3065492957746479,0.3065492957746479,20962.28372084032,19114.0,True,4.1465301513671875,2718.9923959365483,0.30922535211267604,20946.85514555165,0.008654065133226972,0.0007365580743011047,True,True,True,,atm > cargo > grocery > cold_chain,atm > grocery > cargo > cold_chain,True,0.8,,False,False,final_full_required: domain ranking flip
X-n157-k13,156,atm,ortools:nominal_or_tools,ortools,nominal_or_tools,60,180,stockout_rate,0.48583333333333334,0.48583333333333334,17479.25300431866,17404.0,True,8.538071870803833,136.20941684443173,0.4857692307692308,17478.76400057028,0.00013196093956186636,2.7977021050364556e-05,True,True,True,,cargo > atm > grocery > cold_chain,atm > cargo > grocery > cold_chain,True,0.8,,False,False,final_full_required: domain ranking flip
X-n157-k13,156,cargo,ortools:nominal_or_tools,ortools,nominal_or_tools,60,180,stockout_rate,0.4880128205128205,0.4880128205128205,17461.156715696787,17404.0,True,9.130940198898315,121.99929909285797,0.4844230769230769,17460.742795951366,0.007410348021701799,2.3705735217435724e-05,True,True,True,,cargo > atm > grocery > cold_chain,atm > cargo > grocery > cold_chain,True,0.8,,False,False,final_full_required: domain ranking flip
X-n157-k13,156,cold_chain,ortools:nominal_or_tools,ortools,nominal_or_tools,60,180,stockout_rate,0.48467948717948717,0.48467948717948717,17497.676471241637,17404.0,True,7.794365167617798,140.4436466145588,0.4828205128205128,17497.181703081547,0.003850238980350514,2.827702017877525e-05,True,True,True,,cargo > atm > grocery > cold_chain,atm > cargo > grocery > cold_chain,True,0.8,,False,False,final_full_required: domain ranking flip
X-n157-k13,156,grocery,ortools:nominal_or_tools,ortools,nominal_or_tools,60,180,stockout_rate,0.48493589743589743,0.48493589743589743,17450.07574570221,17404.0,True,6.7859838008880615,64.74063068103054,0.4837179487179487,17449.757016740277,0.002517890272992328,1.8265524363756546e-05,True,True,True,,cargo > atm > grocery > cold_chain,atm > cargo > grocery > cold_chain,True,0.8,,False,False,final_full_required: domain ranking flip
X-n162-k11,161,atm,ortools:nominal_or_tools,ortools,nominal_or_tools,60,180,stockout_rate,0.39602484472049687,0.39602484472049687,19460.500355052507,14676.0,True,5.835932493209839,11871.012430732248,0.39521739130434785,19418.350753505852,0.0020430614490019147,0.0021706066638560832,True,True,True,,cargo > atm > grocery > cold_chain,cargo > atm > grocery > cold_chain,False,1.0,,True,True,safe
X-n162-k11,161,cargo,ortools:nominal_or_tools,ortools,nominal_or_tools,60,180,stockout_rate,0.4049689440993789,0.4049689440993789,18315.101248608615,14676.0,True,7.089951276779175,10767.284266089313,0.40285714285714286,18268.261638694494,0.005242059821153274,0.002563988344403209,True,True,True,,cargo > atm > grocery > cold_chain,cargo > atm > grocery > cold_chain,False,1.0,,True,True,safe
X-n162-k11,161,cold_chain,ortools:nominal_or_tools,ortools,nominal_or_tools,60,180,stockout_rate,0.3877018633540373,0.3877018633540373,21763.022668379053,14676.0,True,5.864845275878906,12302.646101905724,0.3896894409937888,21711.56956811115,0.005100414408670691,0.002369847104166753,True,True,True,,cargo > atm > grocery > cold_chain,cargo > atm > grocery > cold_chain,False,1.0,,True,True,safe
X-n162-k11,161,grocery,ortools:nominal_or_tools,ortools,nominal_or_tools,60,180,stockout_rate,0.3943478260869565,0.3943478260869565,17869.441084810645,14676.0,True,5.2147510051727295,5596.760676503945,0.39267080745341615,17840.806735765636,0.004270800379626672,0.001604991829635453,True,True,True,,cargo > atm > grocery > cold_chain,cargo > atm > grocery > cold_chain,False,1.0,,True,True,safe
X-n167-k10,166,atm,ortools:nominal_or_tools,ortools,nominal_or_tools,60,180,stockout_rate,0.4179518072289157,0.4179518072289157,23163.242941335095,22643.0,True,7.873218297958374,923.4147112481835,0.41927710843373495,23158.750551625402,0.0031609195402298768,0.00019398238690286604,True,True,True,,grocery > atm > cold_chain > cargo,grocery > atm > cold_chain > cargo,False,1.0,,True,True,safe
X-n167-k10,166,cargo,ortools:nominal_or_tools,ortools,nominal_or_tools,60,180,stockout_rate,0.41566265060240964,0.41566265060240964,23039.02601984466,22643.0,True,7.995849847793579,830.6480051271435,0.41740963855421687,23034.4859523189,0.004185308125270585,0.00019709871256327012,True,True,True,,grocery > atm > cold_chain > cargo,grocery > atm > cold_chain > cargo,False,1.0,,True,True,safe
X-n167-k10,166,cold_chain,ortools:nominal_or_tools,ortools,nominal_or_tools,60,180,stockout_rate,0.41789156626506024,0.41789156626506024,23377.393308375234,22643.0,True,7.1851818561553955,1051.7822420778666,0.41897590361445786,23374.237733065405,0.0025880661394680616,0.0001350022766888026,True,True,True,,grocery > atm > cold_chain > cargo,grocery > atm > cold_chain > cargo,False,1.0,,True,True,safe
X-n167-k10,166,grocery,ortools:nominal_or_tools,ortools,nominal_or_tools,60,180,stockout_rate,0.4216265060240964,0.4216265060240964,22983.964583887257,22643.0,True,6.585716724395752,461.7885178644824,0.4221084337349398,22980.93356671085,0.001141715427429722,0.0001318926912872393,True,True,True,,grocery > atm > cold_chain > cargo,grocery > atm > cold_chain > cargo,False,1.0,,True,True,safe
X-n181-k23,180,atm,ortools:nominal_or_tools,ortools,nominal_or_tools,60,180,stockout_rate,0.438,0.438,26308.672273118093,26232.0,True,7.783222436904907,152.10276832694743,0.437,26307.942548751114,0.002288329519450803,2.773779688875102e-05,True,True,True,,cargo > atm > grocery > cold_chain,cargo > atm > grocery > cold_chain,False,1.0,,True,True,safe
X-n181-k23,180,cargo,ortools:nominal_or_tools,ortools,nominal_or_tools,60,180,stockout_rate,0.43933333333333335,0.43933333333333335,26290.196162415206,26232.0,True,9.432383060455322,137.703005525786,0.43772222222222223,26289.714723687186,0.0036806701358040534,1.8312816745269378e-05,True,True,True,,cargo > atm > grocery > cold_chain,cargo > atm > grocery > cold_chain,False,1.0,,True,True,safe
X-n181-k23,180,cold_chain,ortools:nominal_or_tools,ortools,nominal_or_tools,60,180,stockout_rate,0.4351111111111111,0.4351111111111111,26335.60558614547,26232.0,True,5.860337734222412,160.4471339647073,0.4323888888888889,26335.016226754567,0.006295772838237218,2.2379306161334237e-05,True,True,True,,cargo > atm > grocery > cold_chain,cargo > atm > grocery > cold_chain,False,1.0,,True,True,safe
X-n181-k23,180,grocery,ortools:nominal_or_tools,ortools,nominal_or_tools,60,180,stockout_rate,0.43577777777777776,0.43577777777777776,26280.96991929631,26232.0,True,5.792001008987427,72.59558263358524,0.4361111111111111,26280.589873202167,0.0007643312101911259,1.4461094517880018e-05,True,True,True,,cargo > atm > grocery > cold_chain,cargo > atm > grocery > cold_chain,False,1.0,,True,True,safe
X-n186-k15,185,atm,ortools:nominal_or_tools,ortools,nominal_or_tools,60,180,stockout_rate,0.41243243243243244,0.41243243243243244,32112.8356977536,25982.0,True,9.498113870620728,11863.71258160823,0.41162162162162164,32086.50518160463,0.001969796454366362,0.0008206102846023005,True,True,True,,grocery > atm > cargo > cold_chain,grocery > atm > cargo > cold_chain,False,1.0,,True,True,safe
X-n186-k15,185,cargo,ortools:nominal_or_tools,ortools,nominal_or_tools,60,180,stockout_rate,0.41205405405405404,0.41205405405405404,30634.289031294404,25982.0,True,10.011293172836304,10651.05078624912,0.4109189189189189,30613.391675257226,0.0027624309392265184,0.0006826213919337714,True,True,True,,grocery > atm > cargo > cold_chain,grocery > atm > cargo > cold_chain,False,1.0,,True,True,safe
X-n186-k15,185,cold_chain,ortools:nominal_or_tools,ortools,nominal_or_tools,60,180,stockout_rate,0.41156756756756757,0.41156756756756757,34349.420583071915,25982.0,True,6.9170403480529785,12630.341287168867,0.4097837837837838,34321.81238135657,0.004352987732489154,0.0008043923033138663,True,True,True,,grocery > atm > cargo > cold_chain,grocery > atm > cargo > cold_chain,False,1.0,,True,True,safe
X-n186-k15,185,grocery,ortools:nominal_or_tools,ortools,nominal_or_tools,60,180,stockout_rate,0.41286486486486484,0.41286486486486484,29945.522734983788,25982.0,True,6.728275299072266,5731.09254062924,0.4125945945945946,29928.06190506687,0.0006550504388837874,0.0005834266840367407,True,True,True,,grocery > atm > cargo > cold_chain,grocery > atm > cargo > cold_chain,False,1.0,,True,True,safe
X-n190-k8,189,atm,ortools:quantile_p90_scaled_or_tools,ortools,quantile_p90_scaled_or_tools,60,180,stockout_rate,0.42052910052910053,0.42052910052910053,18797.937678777096,18310.0,True,8.24889588356018,911.7944019001199,0.4175661375661376,18794.53653959033,0.007095793208312172,0.00018096424881772983,True,True,True,,atm > grocery > cargo > cold_chain,atm > grocery > cargo > cold_chain,False,1.0,,True,True,safe
X-n190-k8,189,cargo,ortools:quantile_p75_scaled_or_tools,ortools,quantile_p75_scaled_or_tools,60,180,stockout_rate,0.4149206349206349,0.4149206349206349,18665.1619736989,18293.0,True,8.74931812286377,825.9316336137015,0.41185185185185186,18662.57940533297,0.007451181911613531,0.0001383821769671012,True,True,True,,atm > grocery > cargo > cold_chain,atm > grocery > cargo > cold_chain,False,1.0,,True,True,safe
X-n190-k8,189,cold_chain,ortools:quantile_p75_scaled_or_tools,ortools,quantile_p75_scaled_or_tools,60,180,stockout_rate,0.40883597883597883,0.40883597883597883,18972.774729981284,18293.0,True,7.425563097000122,1001.4430041062882,0.4047089947089947,18969.79257079275,0.010197411426330285,0.00015720568252946464,True,True,True,,atm > grocery > cargo > cold_chain,atm > grocery > cargo > cold_chain,False,1.0,,True,True,safe
X-n190-k8,189,grocery,ortools:quantile_p75_scaled_or_tools,ortools,quantile_p75_scaled_or_tools,60,180,stockout_rate,0.4186243386243386,0.4186243386243386,18611.32306412997,18293.0,True,6.624467611312866,442.1213877346129,0.4139153439153439,18609.47829306014,0.011376709702160318,9.91307247188651e-05,True,True,True,,atm > grocery > cargo > cold_chain,atm > grocery > cargo > cold_chain,False,1.0,,True,True,safe
X-n204-k19,203,atm,ortools:nominal_or_tools,ortools,nominal_or_tools,60,180,stockout_rate,0.42019704433497534,0.42019704433497534,27832.744272376654,21213.0,True,9.36860990524292,11535.237783213106,0.4198029556650246,27795.075565670606,0.0009387467730579242,0.0013552295124022835,True,True,True,,atm > grocery > cargo > cold_chain,grocery > atm > cargo > cold_chain,True,0.8,,False,False,final_full_required: domain ranking flip
X-n204-k19,203,cargo,ortools:nominal_or_tools,ortools,nominal_or_tools,60,180,stockout_rate,0.41960591133004926,0.41960591133004926,26242.80892617275,21213.0,True,10.718253374099731,10312.103640171254,0.41679802955665024,26212.31382007112,0.0067367923413308335,0.001163388562755654,True,True,True,,atm > grocery > cargo > cold_chain,grocery > atm > cargo > cold_chain,True,0.8,,False,False,final_full_required: domain ranking flip
X-n204-k19,203,cold_chain,ortools:nominal_or_tools,ortools,nominal_or_tools,60,180,stockout_rate,0.4156650246305419,0.4156650246305419,30349.77510188279,21213.0,True,6.898452043533325,12841.052423798259,0.4147783251231527,30319.12676390811,0.002137767220902648,0.00101085820226083,True,True,True,,atm > grocery > cargo > cold_chain,grocery > atm > cargo > cold_chain,True,0.8,,False,False,final_full_required: domain ranking flip
X-n204-k19,203,grocery,ortools:nominal_or_tools,ortools,nominal_or_tools,60,180,stockout_rate,0.4196551724137931,0.4196551724137931,25480.179713531234,21213.0,True,6.284845352172852,5690.18532004839,0.42,25455.28743519696,0.0008210180623974008,0.0009778824300312769,True,True,True,,atm > grocery > cargo > cold_chain,grocery > atm > cargo > cold_chain,True,0.8,,False,False,final_full_required: domain ranking flip
X-n209-k16,208,atm,ortools:quantile_p75_scaled_or_tools,ortools,quantile_p75_scaled_or_tools,60,180,stockout_rate,0.4148557692307692,0.4148557692307692,33554.47978241735,32916.0,True,7.850725412368774,1335.2544397340046,0.41173076923076923,33549.292222653006,0.007589911256422206,0.00015462501354475812,True,True,True,,atm > cargo > grocery > cold_chain,atm > grocery > cargo > cold_chain,True,0.8,,False,False,final_full_required: domain ranking flip
X-n209-k16,208,cargo,ortools:quantile_p75_scaled_or_tools,ortools,quantile_p75_scaled_or_tools,60,180,stockout_rate,0.41302884615384616,0.41302884615384616,33398.98431994324,32916.0,True,9.567585229873657,1203.1697452762621,0.40923076923076923,33393.92132736571,0.009281015037594006,0.00015161419732358879,True,True,True,,atm > cargo > grocery > cold_chain,atm > grocery > cargo > cold_chain,True,0.8,,False,False,final_full_required: domain ranking flip
X-n209-k16,208,cold_chain,ortools:quantile_p75_scaled_or_tools,ortools,quantile_p75_scaled_or_tools,60,180,stockout_rate,0.41009615384615383,0.41009615384615383,33819.78072212985,32916.0,True,6.885803937911987,1424.2875223786693,0.40634615384615386,33815.43724540563,0.00922858495030756,0.0001284465639967934,True,True,True,,atm > cargo > grocery > cold_chain,atm > grocery > cargo > cold_chain,True,0.8,,False,False,final_full_required: domain ranking flip
X-n209-k16,208,grocery,ortools:quantile_p75_scaled_or_tools,ortools,quantile_p75_scaled_or_tools,60,180,stockout_rate,0.41259615384615383,0.41259615384615383,33333.265258023646,32916.0,True,6.143655061721802,639.1696452085224,0.4099038461538462,33330.50432409414,0.0065681444991789045,8.283504811875201e-05,True,True,True,,atm > cargo > grocery > cold_chain,atm > grocery > cargo > cold_chain,True,0.8,,False,False,final_full_required: domain ranking flip
X-n214-k11,213,atm,ortools:nominal_or_tools,ortools,nominal_or_tools,60,180,stockout_rate,0.47807511737089203,0.47807511737089203,18201.16621537105,12859.0,True,12.587892055511475,9979.793357988952,0.47469483568075116,18168.01416429155,0.007120957373158008,0.0018247481964570997,True,True,True,,atm > cargo > grocery > cold_chain,atm > grocery > cargo > cold_chain,True,0.8,,False,False,final_full_required: domain ranking flip
X-n214-k11,213,cargo,ortools:nominal_or_tools,ortools,nominal_or_tools,60,180,stockout_rate,0.4735211267605634,0.4735211267605634,16893.23050208723,12859.0,True,12.247530460357666,8817.2867506928,0.4700469483568075,16868.804623790184,0.007391130643228219,0.0014479910605282881,True,True,True,,atm > cargo > grocery > cold_chain,atm > grocery > cargo > cold_chain,True,0.8,,False,False,final_full_required: domain ranking flip
X-n214-k11,213,cold_chain,ortools:nominal_or_tools,ortools,nominal_or_tools,60,180,stockout_rate,0.46868544600938966,0.46868544600938966,19654.590315645022,12859.0,True,8.130111455917358,10307.01625079834,0.4632863849765258,19625.264658670847,0.011653830563437398,0.001494280840753836,True,True,True,,atm > cargo > grocery > cold_chain,atm > grocery > cargo > cold_chain,True,0.8,,False,False,final_full_required: domain ranking flip
X-n214-k11,213,grocery,ortools:nominal_or_tools,ortools,nominal_or_tools,60,180,stockout_rate,0.4735211267605634,0.4735211267605634,16170.1987584756,12859.0,True,7.18204665184021,4810.728699599394,0.47037558685446007,16150.789478879055,0.0066872941411319515,0.0012017542313908784,True,True,True,,atm > cargo > grocery > cold_chain,atm > grocery > cargo > cold_chain,True,0.8,,False,False,final_full_required: domain ranking flip
X-n219-k73,218,atm,ortools:nominal_or_tools,ortools,nominal_or_tools,60,180,stockout_rate,0.4765596330275229,0.4765596330275229,118514.15745135758,118409.0,True,4.754535913467407,199.9533298298771,0.47490825688073396,118513.62183426674,0.003477252970153497,4.519455928732355e-06,True,True,True,,atm > grocery > cargo > cold_chain,atm > grocery > cold_chain > cargo,True,0.8,,False,False,final_full_required: domain ranking flip
X-n219-k73,218,cargo,ortools:nominal_or_tools,ortools,nominal_or_tools,60,180,stockout_rate,0.4738532110091743,0.4738532110091743,118488.95994834388,118409.0,True,4.75132942199707,181.38709333937095,0.47339449541284406,118488.4939955973,0.0009689922480619862,3.932472520091071e-06,True,True,True,,atm > grocery > cargo > cold_chain,atm > grocery > cold_chain > cargo,True,0.8,,False,False,final_full_required: domain ranking flip
X-n219-k73,218,cold_chain,ortools:nominal_or_tools,ortools,nominal_or_tools,60,180,stockout_rate,0.4736238532110092,0.4736238532110092,118540.77774208732,118409.0,True,4.500458002090454,203.72628067294735,0.47344036697247704,118540.16288964907,0.000387559345024789,5.186870198724512e-06,True,True,True,,atm > grocery > cargo > cold_chain,atm > grocery > cold_chain > cargo,True,0.8,,False,False,final_full_required: domain ranking flip
X-n219-k73,218,grocery,ortools:nominal_or_tools,ortools,nominal_or_tools,60,180,stockout_rate,0.4758715596330275,0.4758715596330275,118473.91442993801,118409.0,True,4.610061407089233,93.4882408464686,0.4743119266055046,118473.55660265453,0.0032882011605415806,3.020313509163771e-06,True,True,True,,atm > grocery > cargo > cold_chain,atm > grocery > cold_chain > cargo,True,0.8,,False,False,final_full_required: domain ranking flip
X-n223-k34,222,atm,ortools:quantile_p75_scaled_or_tools,ortools,quantile_p75_scaled_or_tools,60,180,stockout_rate,0.45414414414414417,0.45414414414414417,46797.445725512,46188.0,True,8.51219630241394,1185.0373607738059,0.4513063063063063,46793.372407580086,0.0062880526998703055,8.704903541541329e-05,True,True,True,,atm > grocery > cold_chain > cargo,grocery > atm > cold_chain > cargo,True,0.8,,False,False,final_full_required: domain ranking flip
X-n223-k34,222,cargo,ortools:robust_mean_1std_scaled_or_tools,ortools,robust_mean_1std_scaled_or_tools,60,180,stockout_rate,0.43995495495495496,0.43995495495495496,48086.2221092279,47633.0,True,10.297809600830078,1051.5999086390163,0.44027027027027027,48083.921808148014,0.00071618579905872,4.783929832229054e-05,True,True,True,,atm > grocery > cold_chain > cargo,grocery > atm > cold_chain > cargo,True,0.8,,False,False,final_full_required: domain ranking flip
X-n223-k34,222,cold_chain,ortools:robust_mean_1std_scaled_or_tools,ortools,robust_mean_1std_scaled_or_tools,60,180,stockout_rate,0.4450900900900901,0.4450900900900901,48424.999761371975,47633.0,True,6.979881763458252,1229.7384265111532,0.44225225225225223,48422.39870864621,0.006416785496027764,5.371589997880918e-05,True,True,True,,atm > grocery > cold_chain > cargo,grocery > atm > cold_chain > cargo,True,0.8,,False,False,final_full_required: domain ranking flip
X-n223-k34,222,grocery,ortools:quantile_p75_scaled_or_tools,ortools,quantile_p75_scaled_or_tools,60,180,stockout_rate,0.45193693693693693,0.45193693693693693,46571.314438448564,46188.0,True,5.568925380706787,562.7719115996852,0.4513963963963964,46569.000776562054,0.0011974852809100765,4.968244643278978e-05,True,True,True,,atm > grocery > cold_chain > cargo,grocery > atm > cold_chain > cargo,True,0.8,,False,False,final_full_required: domain ranking flip
X-n228-k23,227,atm,ortools:nominal_or_tools,ortools,nominal_or_tools,60,180,stockout_rate,0.4643612334801762,0.4643612334801762,32281.49474340328,30349.0,True,10.01893162727356,3620.825939580155,0.45788546255506607,32270.924159741575,0.014142774677698705,0.00032755751305356986,True,True,True,,atm > grocery > cold_chain > cargo,atm > grocery > cold_chain > cargo,False,1.0,,True,True,safe
X-n228-k23,227,cargo,ortools:nominal_or_tools,ortools,nominal_or_tools,60,180,stockout_rate,0.45220264317180614,0.45220264317180614,31801.53193159689,30349.0,True,10.327511548995972,3213.484901359966,0.44643171806167403,31791.089593210785,0.012926781132820095,0.0003284674580117804,True,True,True,,atm > grocery > cold_chain > cargo,atm > grocery > cold_chain > cargo,False,1.0,,True,True,safe
X-n228-k23,227,cold_chain,ortools:nominal_or_tools,ortools,nominal_or_tools,60,180,stockout_rate,0.4531718061674009,0.4531718061674009,32740.61240900832,30349.0,True,8.568219184875488,3700.938134616883,0.44894273127753304,32729.782867585913,0.009420076538121882,0.0003308772767060913,True,True,True,,atm > grocery > cold_chain > cargo,atm > grocery > cold_chain > cargo,False,1.0,,True,True,safe
X-n228-k23,227,grocery,ortools:nominal_or_tools,ortools,nominal_or_tools,60,180,stockout_rate,0.4573568281938326,0.4573568281938326,31558.51074929635,30349.0,True,8.129300355911255,1743.8090692472567,0.4543171806167401,31552.749964325645,0.0066905846989237065,0.00018257631988396778,True,True,True,,atm > grocery > cold_chain > cargo,atm > grocery > cold_chain > cargo,False,1.0,,True,True,safe
X-n233-k16,232,atm,ortools:proxy_mean_scaled_or_tools,ortools,proxy_mean_scaled_or_tools,60,180,stockout_rate,0.45448275862068965,0.45448275862068965,28089.46383734408,23289.0,True,11.185243129730225,10403.539277976051,0.4518103448275862,28069.25579499483,0.005914901736309883,0.0007199350954239188,True,True,True,,cargo > atm > grocery > cold_chain,cargo > atm > grocery > cold_chain,False,1.0,,True,True,safe
X-n233-k16,232,cargo,ortools:proxy_mean_scaled_or_tools,ortools,proxy_mean_scaled_or_tools,60,180,stockout_rate,0.4596551724137931,0.4596551724137931,26886.880661410178,23289.0,True,13.293787717819214,9157.255786715772,0.4532327586206897,26871.34822097363,0.014170233000475475,0.0005780298148354849,True,True,True,,cargo > atm > grocery > cold_chain,cargo > atm > grocery > cold_chain,False,1.0,,True,True,safe
X-n233-k16,232,cold_chain,ortools:proxy_mean_scaled_or_tools,ortools,proxy_mean_scaled_or_tools,60,180,stockout_rate,0.44840517241379313,0.44840517241379313,29382.33127342654,23289.0,True,8.620213031768799,10304.064243737592,0.4456465517241379,29366.355237658856,0.006190153786633224,0.0005440251484527085,True,True,True,,cargo > atm > grocery > cold_chain,cargo > atm > grocery > cold_chain,False,1.0,,True,True,safe
X-n233-k16,232,grocery,ortools:proxy_mean_scaled_or_tools,ortools,proxy_mean_scaled_or_tools,60,180,stockout_rate,0.4512931034482759,0.4512931034482759,26318.402951183452,23289.0,True,7.851258039474487,4968.13131995368,0.44870689655172413,26303.0978298531,0.00576368876080699,0.0005818752387781777,True,True,True,,cargo > atm > grocery > cold_chain,cargo > atm > grocery > cold_chain,False,1.0,,True,True,safe
X-n237-k14,236,atm,ortools:nominal_or_tools,ortools,nominal_or_tools,60,180,stockout_rate,0.4710169491525424,0.4710169491525424,29115.920742367074,29009.0,True,11.794387340545654,230.4215781722622,0.47220338983050847,29115.077012326354,0.0025125628140703123,2.8979145078791816e-05,True,True,True,,atm > cargo > cold_chain > grocery,atm > cargo > grocery > cold_chain,True,0.8,,False,False,final_full_required: domain ranking flip
X-n237-k14,236,cargo,ortools:nominal_or_tools,ortools,nominal_or_tools,60,180,stockout_rate,0.4709322033898305,0.4709322033898305,29090.194384082053,29009.0,True,13.125016212463379,210.2541246934067,0.4716101694915254,29089.532293587006,0.001437556154537264,2.276043795976847e-05,True,True,True,,atm > cargo > cold_chain > grocery,atm > cargo > grocery > cold_chain,True,0.8,,False,False,final_full_required: domain ranking flip
X-n237-k14,236,cold_chain,ortools:nominal_or_tools,ortools,nominal_or_tools,60,180,stockout_rate,0.4699576271186441,0.4699576271186441,29146.56188113991,29009.0,True,10.743914604187012,232.01481189115125,0.46983050847457625,29145.8245433032,0.0002705627705628549,2.5298232191594515e-05,True,True,True,,atm > cargo > cold_chain > grocery,atm > cargo > grocery > cold_chain,True,0.8,,False,False,final_full_required: domain ranking flip
X-n237-k14,236,grocery,ortools:nominal_or_tools,ortools,nominal_or_tools,60,180,stockout_rate,0.46961864406779663,0.46961864406779663,29075.39953275263,29009.0,True,9.82298755645752,106.34596814091955,0.4708050847457627,29074.906705643447,0.002520025200251963,1.6950255908790756e-05,True,True,True,,atm > cargo > cold_chain > grocery,atm > cargo > grocery > cold_chain,True,0.8,,False,False,final_full_required: domain ranking flip
X-n242-k48,241,atm,ortools:quantile_p75_scaled_or_tools,ortools,quantile_p75_scaled_or_tools,60,180,stockout_rate,0.47311203319502076,0.47311203319502076,92156.39569628797,91469.0,True,5.7951977252960205,1240.4668895537911,0.4678008298755187,92152.92446045676,0.011353556856483952,3.7668211307818525e-05,True,True,True,,atm > grocery > cold_chain > cargo,atm > grocery > cold_chain > cargo,False,1.0,,True,True,safe
X-n242-k48,241,cargo,ortools:quantile_p75_scaled_or_tools,ortools,quantile_p75_scaled_or_tools,60,180,stockout_rate,0.4634439834024896,0.4634439834024896,91986.20476258302,91469.0,True,6.482302904129028,1096.281471524571,0.4583817427385892,91983.61050984723,0.011043722277541326,2.8203423646934212e-05,True,True,True,,atm > grocery > cold_chain > cargo,atm > grocery > cold_chain > cargo,False,1.0,,True,True,safe
X-n242-k48,241,cold_chain,ortools:quantile_p75_scaled_or_tools,ortools,quantile_p75_scaled_or_tools,60,180,stockout_rate,0.4662240663900415,0.4662240663900415,92343.83988810988,91469.0,True,5.957970380783081,1296.6265704190425,0.4612863070539419,92341.00861564033,0.010704326706845358,3.066105202881072e-05,True,True,True,,atm > grocery > cold_chain > cargo,atm > grocery > cold_chain > cargo,False,1.0,,True,True,safe
X-n242-k48,241,grocery,ortools:quantile_p75_scaled_or_tools,ortools,quantile_p75_scaled_or_tools,60,180,stockout_rate,0.4708713692946058,0.4708713692946058,91895.86618303286,91469.0,True,5.377812385559082,596.9018688604949,0.4665560165975104,91893.66800127963,0.009249377445748835,2.3920927317923317e-05,True,True,True,,atm > grocery > cold_chain > cargo,atm > grocery > cold_chain > cargo,False,1.0,,True,True,safe
X-n251-k28,250,atm,ortools:nominal_or_tools,ortools,nominal_or_tools,60,180,stockout_rate,0.43748,0.43748,41303.748714238725,40465.0,True,8.62055253982544,1648.6776708372834,0.4358,41299.825117425564,0.003854979348324826,9.50027464282431e-05,True,True,True,,atm > grocery > cold_chain > cargo,grocery > atm > cold_chain > cargo,True,0.8,,False,False,final_full_required: domain ranking flip
X-n251-k28,250,cargo,ortools:nominal_or_tools,ortools,nominal_or_tools,60,180,stockout_rate,0.43316,0.43316,41099.76694548299,40465.0,True,8.963584184646606,1478.2558585670781,0.43204,41095.92919922564,0.002592352559948176,9.338507078750657e-05,True,True,True,,atm > grocery > cold_chain > cargo,grocery > atm > cold_chain > cargo,True,0.8,,False,False,final_full_required: domain ranking flip
X-n251-k28,250,cold_chain,ortools:nominal_or_tools,ortools,nominal_or_tools,60,180,stockout_rate,0.43368,0.43368,41585.11981963547,40465.0,True,6.552194356918335,1730.3259208869224,0.43236,41581.63512473056,0.0030530113794060222,8.380370070721894e-05,True,True,True,,atm > grocery > cold_chain > cargo,grocery > atm > cold_chain > cargo,True,0.8,,False,False,final_full_required: domain ranking flip
X-n251-k28,250,grocery,ortools:nominal_or_tools,ortools,nominal_or_tools,60,180,stockout_rate,0.43736,0.43736,40999.7033977655,40465.0,True,6.364000558853149,789.0969579224402,0.43616,40997.68812042356,0.002751283932501913,4.915587766851592e-05,True,True,True,,atm > grocery > cold_chain > cargo,grocery > atm > cold_chain > cargo,True,0.8,,False,False,final_full_required: domain ranking flip
X-n261-k13,260,atm,ortools:proxy_mean_scaled_or_tools,ortools,proxy_mean_scaled_or_tools,60,180,stockout_rate,0.43088461538461537,0.43088461538461537,37840.879934705124,31364.0,True,11.259782075881958,12224.388259219479,0.42823076923076925,37764.41280193139,0.006197233698580839,0.0020248463328371167,True,True,True,,atm > grocery > cargo > cold_chain,atm > grocery > cargo > cold_chain,False,1.0,,True,True,safe
X-n261-k13,260,cargo,ortools:quantile_p75_scaled_or_tools,ortools,quantile_p75_scaled_or_tools,60,180,stockout_rate,0.4260769230769231,0.4260769230769231,36129.06471471703,31282.0,True,14.005422115325928,10954.99620408409,0.4211153846153846,36075.06376141771,0.011781897890218286,0.0014969052766325213,True,True,True,,atm > grocery > cargo > cold_chain,atm > grocery > cargo > cold_chain,False,1.0,,True,True,safe
X-n261-k13,260,cold_chain,ortools:quantile_p75_scaled_or_tools,ortools,quantile_p75_scaled_or_tools,60,180,stockout_rate,0.4219230769230769,0.4219230769230769,40067.161645687505,31282.0,True,8.48366403579712,13173.977064259718,0.4184230769230769,40001.0630362444,0.008364739406195431,0.001652421321483766,True,True,True,,atm > grocery > cargo > cold_chain,atm > grocery > cargo > cold_chain,False,1.0,,True,True,safe
X-n261-k13,260,grocery,ortools:proxy_mean_scaled_or_tools,ortools,proxy_mean_scaled_or_tools,60,180,stockout_rate,0.4282692307692308,0.4282692307692308,35515.11705834175,31364.0,True,7.860211133956909,5872.165953838664,0.4261923076923077,35472.950875730116,0.004873206389315068,0.0011886855074264952,True,True,True,,atm > grocery > cargo > cold_chain,atm > grocery > cargo > cold_chain,False,1.0,,True,True,safe
X-n275-k28,274,atm,ortools:nominal_or_tools,ortools,nominal_or_tools,60,180,stockout_rate,0.41766423357664234,0.41766423357664234,22580.613949966333,22472.0,True,16.589378595352173,245.1826370269744,0.41795620437956205,22579.909529863256,0.0006985679357317437,3.119676374898947e-05,True,True,True,,cargo > atm > cold_chain > grocery,cargo > atm > grocery > cold_chain,True,0.8,,False,False,final_full_required: domain ranking flip
X-n275-k28,274,cargo,ortools:nominal_or_tools,ortools,nominal_or_tools,60,180,stockout_rate,0.4197810218978102,0.4197810218978102,22554.791949940052,22472.0,True,18.45784640312195,221.0012319766533,0.4182846715328467,22554.219776822127,0.003577349271442234,2.5368783473217413e-05,True,True,True,,cargo > atm > cold_chain > grocery,cargo > atm > grocery > cold_chain,True,0.8,,False,False,final_full_required: domain ranking flip
X-n275-k28,274,cold_chain,ortools:nominal_or_tools,ortools,nominal_or_tools,60,180,stockout_rate,0.41693430656934305,0.41693430656934305,22624.421035275744,22472.0,True,12.314000129699707,252.74730546458358,0.415985401459854,22623.67950352353,0.0022811019477100712,3.2776797076626815e-05,True,True,True,,cargo > atm > cold_chain > grocery,cargo > atm > grocery > cold_chain,True,0.8,,False,False,final_full_required: domain ranking flip
X-n275-k28,274,grocery,ortools:nominal_or_tools,ortools,nominal_or_tools,60,180,stockout_rate,0.41664233576642334,0.41664233576642334,22542.509752252903,22472.0,True,10.025833129882812,116.74731347085408,0.417007299270073,22542.063326960193,0.0008751969193069361,1.9804100726490447e-05,True,True,True,,cargo > atm > cold_chain > grocery,cargo > atm > grocery > cold_chain,True,0.8,,False,False,final_full_required: domain ranking flip
X-n280-k17,279,atm,ortools:nominal_or_tools,ortools,nominal_or_tools,60,180,stockout_rate,0.452831541218638,0.452831541218638,40027.92980863268,38220.0,True,11.795658349990845,3211.643291624599,0.4581720430107527,40017.404080104265,0.011656105765469785,0.0002630287688663468,True,True,True,,atm > grocery > cold_chain > cargo,atm > grocery > cold_chain > cargo,False,1.0,,True,True,safe
X-n280-k17,279,cargo,ortools:nominal_or_tools,ortools,nominal_or_tools,60,180,stockout_rate,0.4383870967741936,0.4383870967741936,39580.09082413654,38220.0,True,14.701908588409424,2824.1719436534613,0.4417921146953405,39572.40574522941,0.007707285412948224,0.00019420297458308379,True,True,True,,atm > grocery > cold_chain > cargo,atm > grocery > cold_chain > cargo,False,1.0,,True,True,safe
X-n280-k17,279,cold_chain,ortools:nominal_or_tools,ortools,nominal_or_tools,60,180,stockout_rate,0.44157706093189963,0.44157706093189963,40419.205373400706,38220.0,True,11.241960763931274,3290.6389380125333,0.44501792114695343,40410.27357350316,0.007731958762886675,0.0002210279492738267,True,True,True,,atm > grocery > cold_chain > cargo,atm > grocery > cold_chain > cargo,False,1.0,,True,True,safe
X-n280-k17,279,grocery,ortools:nominal_or_tools,ortools,nominal_or_tools,60,180,stockout_rate,0.45021505376344084,0.45021505376344084,39344.30185612533,38220.0,True,10.388841152191162,1562.4589901055197,0.4541935483870968,39336.9240738578,0.008759469696969797,0.0001875536138431495,True,True,True,,atm > grocery > cold_chain > cargo,atm > grocery > cold_chain > cargo,False,1.0,,True,True,safe
X-n284-k15,283,atm,ortools:robust_mean_1std_scaled_or_tools,ortools,robust_mean_1std_scaled_or_tools,60,180,stockout_rate,0.3927208480565371,0.3927208480565371,23784.161219104913,23151.0,True,13.666080951690674,1182.8325278014233,0.38869257950530034,23778.385064198068,0.010363636363636443,0.00024291619852444672,True,True,True,,atm > grocery > cargo > cold_chain,atm > grocery > cargo > cold_chain,False,1.0,,True,True,safe
X-n284-k15,283,cargo,ortools:robust_mean_1std_scaled_or_tools,ortools,robust_mean_1std_scaled_or_tools,60,180,stockout_rate,0.3880918727915194,0.3880918727915194,23623.7503851201,23151.0,True,17.528367280960083,1040.3124678813933,0.3831095406360424,23619.481924689677,0.013004980630879823,0.0001807177839053821,True,True,True,,atm > grocery > cargo > cold_chain,atm > grocery > cargo > cold_chain,False,1.0,,True,True,safe
X-n284-k15,283,cold_chain,ortools:robust_mean_1std_scaled_or_tools,ortools,robust_mean_1std_scaled_or_tools,60,180,stockout_rate,0.38070671378091875,0.38070671378091875,24088.154335397863,23151.0,True,11.380363941192627,1344.3659703320914,0.37954063604240285,24082.491408001613,0.003072339633181272,0.00023514707429183652,True,True,True,,atm > grocery > cargo > cold_chain,atm > grocery > cargo > cold_chain,False,1.0,,True,True,safe
X-n284-k15,283,grocery,ortools:robust_mean_1std_scaled_or_tools,ortools,robust_mean_1std_scaled_or_tools,60,180,stockout_rate,0.3910600706713781,0.3910600706713781,23575.274467566884,23151.0,True,9.99019742012024,591.2221711113708,0.386678445229682,23571.511182312704,0.011331444759206827,0.0001596539663949529,True,True,True,,atm > grocery > cargo > cold_chain,atm > grocery > cargo > cold_chain,False,1.0,,True,True,safe
