Instance,Customers,Domain,Candidate,Route Plan,Routing Provider,Route Feasible,LP Feasible,Candidate Feasible,Route Count,Route Cost,Route Runtime Sec,LP Runtime Sec,Total Runtime Sec,Planned Route Load Total,Planned Route Load Ratio,LP Backend,Score Metric,Score Value,Reason,lp_planning_scenarios_original,lp_planning_scenarios_used,lp_scenario_reduced,lp_original_total_demand_mean,lp_reduced_total_demand_mean,lp_original_total_demand_p90,lp_reduced_total_demand_p90,Objective Value Train,Optimized Load Total,mean_total_cost,p90_total_cost,cvar90_total_cost,mean_shortfall,p90_shortfall,stockout_rate,mean_surplus,mean_domain_loss,mean_load_penalty_loss,Winner Rank Metric
X-n106-k14,105,atm,ortools:nominal_or_tools,nominal_or_tools,ortools,True,True,True,14,27182.0,5.0031163692474365,0.514716625213623,5.51783299446106,7864.0,0.9361904761904762,pulp_cbc,mean_domain_loss,2939.639816591785,,180,60,True,8678.48886970813,8708.388879095239,10372.84775102459,10379.445766360304,6667.126459423274,8400.000007999999,30121.63981659178,32011.109425330007,33087.8291147906,746.0519876687177,1289.048485150237,0.4023809523809524,1234.4007181841894,2939.639816591785,0.0,mean_domain_loss
X-n106-k14,105,cargo,ortools:nominal_or_tools,nominal_or_tools,ortools,True,True,True,14,27182.0,5.0031163692474365,0.49788641929626465,5.501002788543701,7864.0,0.9361904761904762,pulp_cbc,mean_domain_loss,2217.1971964801564,,180,60,True,8678.48886970813,8708.388879095239,10372.84775102459,10379.445766360304,6053.018468007391,8399.999992000001,29399.197196480152,30846.534779509475,31676.722647685452,748.7036037235138,1270.7937553769439,0.4034285714285714,1237.0523182389857,2217.1971964801564,0.0,mean_domain_loss
X-n106-k14,105,cold_chain,ortools:nominal_or_tools,nominal_or_tools,ortools,True,True,True,14,27182.0,5.0031163692474365,0.5153477191925049,5.518464088439941,7864.0,0.9361904761904762,pulp_cbc,mean_domain_loss,2876.708010789284,,180,60,True,8678.48886970813,8708.388879095239,10372.84775102459,10379.445766360304,7181.491686119698,8255.29003,31507.22406377675,32625.822849894208,33280.96812507401,750.2019494492474,1286.3673605254962,0.40476190476190477,1093.840701964719,2876.708010789284,1448.516052987469,mean_domain_loss
X-n106-k14,105,grocery,ortools:nominal_or_tools,nominal_or_tools,ortools,True,True,True,14,27182.0,5.0031163692474365,0.447314977645874,5.4504313468933105,7864.0,0.9361904761904762,pulp_cbc,mean_domain_loss,1963.2293112876619,,180,60,True,8678.48886970813,8708.388879095239,10372.84775102459,10379.445766360304,3219.316195358524,8282.21132,29145.229311287658,30015.70406876767,30574.761565707577,747.3939800727794,1293.4353895696945,0.40476190476190477,1117.954022588251,1963.2293112876619,0.0,mean_domain_loss
X-n110-k13,109,atm,ortools:proxy_mean_scaled_or_tools,proxy_mean_scaled_or_tools,ortools,True,True,True,13,16426.0,5.001861810684204,0.5619022846221924,5.5637640953063965,853.7099999999999,0.9949999999999999,pulp_cbc,mean_domain_loss,364.17200769338757,,180,60,True,922.107056749831,926.0446089731707,1096.1448904465033,1097.6485758926672,757.6800715739269,858.0000006,16790.17200769339,17166.61853704198,17518.77151562033,94.04826789792234,202.87969554081903,0.41944954128440365,107.5762602477688,364.17200769338757,0.0,mean_domain_loss
X-n110-k13,109,cargo,ortools:proxy_mean_scaled_or_tools,proxy_mean_scaled_or_tools,ortools,True,True,True,13,16426.0,5.001861810684204,0.5139307975769043,5.515792608261108,853.7099999999999,0.9949999999999999,pulp_cbc,mean_domain_loss,274.39845372628685,,180,60,True,922.107056749831,926.0446089731707,1096.1448904465033,1097.6485758926672,684.8149694455948,857.9999995999999,16700.398453726288,16981.57347062301,17253.9968521034,94.54787139788678,203.43673039925747,0.4241284403669725,108.07586274773327,274.39845372628685,0.0,mean_domain_loss
X-n110-k13,109,cold_chain,ortools:proxy_mean_scaled_or_tools,proxy_mean_scaled_or_tools,ortools,True,True,True,13,16426.0,5.001861810684204,0.605457067489624,5.607318878173828,853.7099999999999,0.9949999999999999,pulp_cbc,mean_domain_loss,341.1735459316658,,180,60,True,922.107056749831,926.0446089731707,1096.1448904465033,1097.6485758926672,797.8184172822768,858.0000010999998,16928.66133330754,17146.217222097173,17396.412901846914,94.46853012462795,202.77321739201363,0.41743119266055045,107.99652297447444,341.1735459316658,161.48778737587574,mean_domain_loss
X-n110-k13,109,grocery,ortools:proxy_mean_scaled_or_tools,proxy_mean_scaled_or_tools,ortools,True,True,True,13,16426.0,5.001861810684204,0.47952699661254883,5.481388807296753,853.7099999999999,0.9949999999999999,pulp_cbc,mean_domain_loss,234.94112364925488,,180,60,True,922.107056749831,926.0446089731707,1096.1448904465033,1097.6485758926672,358.79452328607624,858.0000008999999,16660.941123649256,16836.923785188425,17026.80103473115,94.02890383317944,202.24215934081897,0.41651376146788993,107.55689648302598,234.94112364925488,0.0,mean_domain_loss
X-n115-k10,114,atm,ortools:nominal_or_tools,nominal_or_tools,ortools,True,True,True,10,13099.0,5.002721071243286,0.5862913131713867,5.589012384414673,1535.0,0.908284023668639,pulp_cbc,mean_domain_loss,789.0432353370614,,180,60,True,1696.498515200886,1698.9645533588098,2024.6258510269993,2026.4340508376151,1387.9930201967934,1690.00001105,13888.043235337062,14612.578257305331,15196.23403509162,191.12834329492475,384.43172304472273,0.3907894736842105,283.93251268223,789.0432353370614,0.0,mean_domain_loss
X-n115-k10,114,cargo,ortools:nominal_or_tools,nominal_or_tools,ortools,True,True,True,10,13099.0,5.002721071243286,0.5990550518035889,5.601776123046875,1535.0,0.908284023668639,pulp_cbc,mean_domain_loss,592.2303473022367,,180,60,True,1696.498515200886,1698.9645533588098,2024.6258510269993,2026.4340508376151,1251.9073817414142,1690.00001484,13691.230347302235,14227.539913940605,14687.332806740416,192.51108688542715,381.9357180356367,0.4004385964912281,285.31526006273253,592.2303473022367,0.0,mean_domain_loss
X-n115-k10,114,cold_chain,ortools:nominal_or_tools,nominal_or_tools,ortools,True,True,True,10,13099.0,5.002721071243286,0.6036171913146973,5.606338262557983,1535.0,0.908284023668639,pulp_cbc,mean_domain_loss,786.6566120546804,,180,60,True,1696.498515200886,1698.9645533588098,2024.6258510269993,2026.4340508376151,1553.3065079586236,1684.3766313,14177.35576551884,14620.545006881839,15009.641678687014,192.273673417893,387.2365265266701,0.3831578947368421,279.4544630551983,786.6566120546804,291.6991534641582,mean_domain_loss
X-n115-k10,114,grocery,ortools:nominal_or_tools,nominal_or_tools,ortools,True,True,True,10,13099.0,5.002721071243286,0.5292360782623291,5.531957149505615,1535.0,0.908284023668639,pulp_cbc,mean_domain_loss,527.6746759921159,,180,60,True,1696.498515200886,1698.9645533588098,2024.6258510269993,2026.4340508376151,692.3372890060228,1690.0000119000001,13626.674675992115,13980.923156975514,14275.745079012073,191.13393711233815,385.8153074665875,0.38587719298245615,283.9381073496435,527.6746759921159,0.0,mean_domain_loss
X-n120-k6,119,atm,ortools:nominal_or_tools,nominal_or_tools,ortools,True,True,True,6,14034.0,5.00026535987854,0.7122070789337158,5.712472438812256,119.0,0.9444444444444444,pulp_cbc,mean_domain_loss,50.44046672818464,,180,60,True,133.52122460451002,133.78447753711538,155.4085028189589,155.70208638891222,105.60603825179771,126.00000003,14084.440466728185,14125.044277061064,14151.147792106878,13.071793328241199,24.73672109046113,0.42899159663865544,17.31646533202953,50.44046672818464,0.0,mean_domain_loss
X-n120-k6,119,cargo,ortools:nominal_or_tools,nominal_or_tools,ortools,True,True,True,6,14034.0,5.00026535987854,0.7470870018005371,5.747352361679077,119.0,0.9444444444444444,pulp_cbc,mean_domain_loss,38.62274115458888,,180,60,True,133.52122460451002,133.78447753711538,155.4085028189589,155.70208638891222,96.16922462156704,125.99999957000001,14072.622741154588,14103.771102313593,14124.155158921038,13.190203505420222,24.78263066159108,0.4292436974789916,17.43487504920856,38.62274115458888,0.0,mean_domain_loss
X-n120-k6,119,cold_chain,ortools:nominal_or_tools,nominal_or_tools,ortools,True,True,True,6,14034.0,5.00026535987854,0.7579984664916992,5.758263826370239,119.0,0.9444444444444444,pulp_cbc,mean_domain_loss,47.0182204331258,,180,60,True,133.52122460451002,133.78447753711538,155.4085028189589,155.70208638891222,110.92391703632164,123.97941259000001,14103.014175370912,14127.391084172361,14145.334494239909,13.249015981685567,24.79878139942487,0.43201680672268905,15.473100545473901,47.0182204331258,21.995954937787594,mean_domain_loss
X-n120-k6,119,grocery,ortools:nominal_or_tools,nominal_or_tools,ortools,True,True,True,6,14034.0,5.00026535987854,0.7308404445648193,5.731105804443359,119.0,0.9444444444444444,pulp_cbc,mean_domain_loss,32.623888720329404,,180,60,True,133.52122460451002,133.78447753711538,155.4085028189589,155.70208638891222,50.86626245262825,124.38679032999998,14066.623888720329,14085.98968493446,14099.851150561848,13.137526911158519,24.72279216029031,0.43201680672268905,15.768989214946853,32.623888720329404,0.0,mean_domain_loss
X-n129-k18,128,atm,ortools:robust_mean_2std_scaled_or_tools,robust_mean_2std_scaled_or_tools,ortools,True,True,True,18,33757.0,4.995924711227417,0.6478118896484375,5.6437366008758545,698.4900000000001,0.9950000000000002,pulp_cbc,mean_domain_loss,300.3414510310033,,180,60,True,727.1353695075978,729.545141336595,853.7757199603714,854.5229848707611,581.5905891576475,702.0000017899999,34057.34145103101,34280.29955539244,34552.55049725283,76.61181085885876,137.96332178663133,0.42203125,91.69874352065948,300.3414510310033,0.0,mean_domain_loss
X-n129-k18,128,cargo,ortools:robust_mean_2std_scaled_or_tools,robust_mean_2std_scaled_or_tools,ortools,True,True,True,18,33757.0,4.995924711227417,0.623100996017456,5.619025707244873,698.4900000000001,0.9950000000000002,pulp_cbc,mean_domain_loss,222.98350203425395,,180,60,True,727.1353695075978,729.545141336595,853.7757199603714,854.5229848707611,524.8954195619019,702.0000006600001,33979.98350203426,34149.544794864174,34352.65168309516,76.89964500257497,137.85645780121087,0.40765625,91.98657653437571,222.98350203425395,0.0,mean_domain_loss
X-n129-k18,128,cold_chain,ortools:robust_mean_2std_scaled_or_tools,robust_mean_2std_scaled_or_tools,ortools,True,True,True,18,33757.0,4.995924711227417,0.622321605682373,5.61824631690979,698.4900000000001,0.9950000000000002,pulp_cbc,mean_domain_loss,285.44482128270255,,180,60,True,727.1353695075978,729.545141336595,853.7757199603714,854.5229848707611,644.6507216973544,701.99999996,34178.899058608404,34328.89732608928,34495.031256511065,76.69843133317022,137.96412383165193,0.414453125,91.78536216497098,285.44482128270255,136.4542373257081,mean_domain_loss
X-n129-k18,128,grocery,ortools:robust_mean_2std_scaled_or_tools,robust_mean_2std_scaled_or_tools,ortools,True,True,True,18,33757.0,4.995924711227417,0.5845649242401123,5.580489635467529,698.4900000000001,0.9950000000000002,pulp_cbc,mean_domain_loss,194.79288578024887,,180,60,True,727.1353695075978,729.545141336595,853.7757199603714,854.5229848707611,276.31810479981743,702.0000008899999,33951.79288578024,34066.92069960439,34199.109770626994,76.47823651291567,138.35126913418802,0.42,91.5651682747164,194.79288578024887,0.0,mean_domain_loss
X-n134-k13,133,atm,ortools:quantile_p75_scaled_or_tools,quantile_p75_scaled_or_tools,ortools,True,True,True,13,14712.0,5.007843971252441,0.5604636669158936,5.568307638168335,8317.205,0.995,pulp_cbc,mean_domain_loss,3793.665122454151,,180,60,True,9183.395205809104,9198.564456324053,11030.147738079117,11050.704860248838,8177.728090979433,8358.999999,18505.665122454157,20951.220045592272,24540.70108426772,994.7356972916299,1697.4112059048407,0.4604511278195489,932.81131516011,3793.665122454151,0.0,mean_domain_loss
X-n134-k13,133,cargo,ortools:quantile_p75_scaled_or_tools,quantile_p75_scaled_or_tools,ortools,True,True,True,13,14712.0,5.007843971252441,0.5974557399749756,5.605299711227417,8317.205,0.995,pulp_cbc,mean_domain_loss,2783.398925073407,,180,60,True,9183.395205809104,9198.564456324053,11030.147738079117,11050.704860248838,7209.857136983138,8358.9999824,17495.39892507341,19305.65043540815,21958.70511732084,1004.0330591601768,1697.78731242286,0.4484962406015038,942.1086604286573,2783.398925073407,0.0,mean_domain_loss
X-n134-k13,133,cold_chain,ortools:nominal_or_tools,nominal_or_tools,ortools,True,True,True,13,13345.0,5.000050783157349,0.5849645137786865,5.585015296936035,8220.0,0.9833712166527097,pulp_cbc,mean_domain_loss,3406.0823207562166,,180,60,True,9183.395205809104,9198.564456324053,11030.147738079117,11050.704860248838,8254.31167412079,8358.9999962,18203.338145199945,19711.02829239527,22119.48431690842,992.5806311838808,1702.6900460518189,0.45706766917293234,930.6562462523611,3406.0823207562166,1452.2558244437244,mean_domain_loss
X-n134-k13,133,grocery,ortools:nominal_or_tools,nominal_or_tools,ortools,True,True,True,13,13345.0,5.000050783157349,0.5897598266601562,5.589810609817505,8220.0,0.9833712166527097,pulp_cbc,mean_domain_loss,2368.694692679994,,180,60,True,9183.395205809104,9198.564456324053,11030.147738079117,11050.704860248838,3794.671416565535,8358.9999971,15713.694692679994,16871.261124253295,18768.380921751148,993.9633297499514,1691.3499844395621,0.4583458646616541,932.0389457184315,2368.694692679994,0.0,mean_domain_loss
X-n139-k10,138,atm,ortools:nominal_or_tools,nominal_or_tools,ortools,True,True,True,10,14826.0,4.996250629425049,0.7796895503997803,5.775940179824829,1039.0,0.980188679245283,pulp_cbc,mean_domain_loss,428.7124241826681,,180,60,True,1146.307606641427,1148.216888591183,1334.618975008724,1335.9433230902957,891.7120052975389,1059.9999998,15254.712424182664,15546.773980893136,15906.127550444664,110.99154556308928,192.30319894942173,0.41891304347826086,129.60175923298505,428.7124241826681,0.0,mean_domain_loss
X-n139-k10,138,cargo,ortools:nominal_or_tools,nominal_or_tools,ortools,True,True,True,10,14826.0,4.996250629425049,0.9553930759429932,5.951643705368042,1039.0,0.980188679245283,pulp_cbc,mean_domain_loss,322.8257601185224,,180,60,True,1146.307606641427,1148.216888591183,1334.618975008724,1335.9433230902957,794.6136094851357,1059.9999983000002,15148.825760118523,15373.116953939872,15647.350030235324,112.14847661418291,193.29840657668265,0.421231884057971,130.75868878407874,322.8257601185224,0.0,mean_domain_loss
X-n139-k10,138,cold_chain,ortools:nominal_or_tools,nominal_or_tools,ortools,True,True,True,10,14826.0,4.996250629425049,0.852895975112915,5.849146604537964,1039.0,0.980188679245283,pulp_cbc,mean_domain_loss,401.8915189025117,,180,60,True,1146.307606641427,1148.216888591183,1334.618975008724,1335.9433230902957,940.7764380044322,1060.0000006,15424.59716988034,15586.794522692342,15833.456312921893,111.27430625092067,192.08438468720763,0.4131159420289855,129.88452072081645,401.8915189025117,196.705650977827,mean_domain_loss
X-n139-k10,138,grocery,ortools:nominal_or_tools,nominal_or_tools,ortools,True,True,True,10,14826.0,4.996250629425049,0.7610025405883789,5.757253170013428,1039.0,0.980188679245283,pulp_cbc,mean_domain_loss,277.49833837348194,,180,60,True,1146.307606641427,1148.216888591183,1334.618975008724,1335.9433230902957,429.19946449789137,1060.0000001,15103.498338373483,15239.11667859741,15425.283295175284,111.13279572437615,192.60854910479824,0.41847826086956524,129.74300969427196,277.49833837348194,0.0,mean_domain_loss
X-n143-k7,142,atm,ortools:quantile_p90_scaled_or_tools,quantile_p90_scaled_or_tools,ortools,True,True,True,7,18531.0,5.007375240325928,0.6945648193359375,5.701940059661865,8288.35,0.995,pulp_cbc,mean_domain_loss,2511.429529458361,,180,60,True,8295.848620495428,8316.617424477572,9916.867451961063,9925.630118934274,5519.808218076611,8329.9999993,21042.429529458357,22996.93472520195,25891.434794139474,614.8202436507081,1156.9878053660889,0.31408450704225355,1398.1527372513372,2511.429529458361,0.0,mean_domain_loss
X-n143-k7,142,cargo,ortools:robust_mean_1std_scaled_or_tools,robust_mean_1std_scaled_or_tools,ortools,True,True,True,7,18293.0,5.001099348068237,0.7933824062347412,5.7944817543029785,8288.350000000002,0.9950000000000002,pulp_cbc,mean_domain_loss,1860.8157656353173,,180,60,True,8295.848620495428,8316.617424477572,9916.867451961063,9925.630118934274,4947.414838176967,8329.9999832,20153.815765635318,21676.407132127857,23817.48486971463,619.1785527963343,1166.4191991702282,0.3084507042253521,1402.5110302969633,1860.8157656353173,0.0,mean_domain_loss
X-n143-k7,142,cold_chain,ortools:proxy_mean_or_tools,proxy_mean_or_tools,ortools,True,True,True,7,19116.0,4.9999473094940186,0.7272589206695557,5.727206230163574,8295.848620495428,0.9959001945372663,pulp_cbc,mean_domain_loss,2823.607401014029,,180,60,True,8295.848620495428,8316.617424477572,9916.867451961063,9925.630118934274,6566.0601358979875,8329.9999917,23496.253552709575,24582.746077359265,26363.064802122943,614.6815562549884,1166.2752278470225,0.3009154929577465,1398.0140422556171,2823.607401014029,1556.646151695548,mean_domain_loss
X-n143-k7,142,grocery,ortools:quantile_p75_scaled_or_tools,quantile_p75_scaled_or_tools,ortools,True,True,True,7,17963.0,4.9986817836761475,0.7497496604919434,5.748431444168091,8288.35,0.995,pulp_cbc,mean_domain_loss,1847.7513812120126,,180,60,True,8295.848620495428,8316.617424477572,9916.867451961063,9925.630118934274,2777.9183067369777,8330.0000249,19810.751381212012,20682.855646659733,22125.365682379208,612.1468185763147,1155.624758342911,0.3097887323943662,1395.4793377769433,1847.7513812120126,0.0,mean_domain_loss
X-n157-k13,156,atm,ortools:nominal_or_tools,nominal_or_tools,ortools,True,True,True,13,17404.0,5.000084161758423,0.8166286945343018,5.816712856292725,156.0,1.0,pulp_cbc,mean_domain_loss,75.25300431865746,,180,60,True,171.99406906934314,172.27034686930705,198.09955188531734,198.5245135344457,139.72863067738018,155.99999984,17479.25300431866,17541.77704308251,17598.73491550069,20.050074510554477,38.085086839205516,0.48583333333333334,15.130730786104719,75.25300431865746,0.0,mean_domain_loss
X-n157-k13,156,cargo,ortools:nominal_or_tools,nominal_or_tools,ortools,True,True,True,13,17404.0,5.000084161758423,1.042830467224121,6.042914628982544,156.0,1.0,pulp_cbc,mean_domain_loss,57.15671569678628,,180,60,True,171.99406906934314,172.27034686930705,198.09955188531734,198.5245135344457,125.73913654964397,156.00000009,17461.156715696787,17508.679122258494,17552.556374565043,20.09683141085263,37.89464751415766,0.4880128205128205,15.177487936402862,57.15671569678628,0.0,mean_domain_loss
X-n157-k13,156,cold_chain,ortools:nominal_or_tools,nominal_or_tools,ortools,True,True,True,13,17404.0,5.000084161758423,0.8315067291259766,5.831590890884399,156.0,1.0,pulp_cbc,mean_domain_loss,64.90946400086516,,180,60,True,171.99406906934314,172.27034686930705,198.09955188531734,198.5245135344457,143.382706703696,156.00000021,17497.676471241637,17535.647462839293,17576.108420739114,20.037835915317597,37.87202241648558,0.48467948717948717,15.118492560867836,64.90946400086516,28.76700724077333,mean_domain_loss
X-n157-k13,156,grocery,ortools:nominal_or_tools,nominal_or_tools,ortools,True,True,True,13,17404.0,5.000084161758423,0.7937109470367432,5.793795108795166,156.0,1.0,pulp_cbc,mean_domain_loss,46.07574570220766,,180,60,True,171.99406906934314,172.27034686930705,198.09955188531734,198.5245135344457,65.9157640201691,155.99999963,17450.07574570221,17480.704969352133,17510.81615112449,20.037047298008556,38.110260588633054,0.48493589743589743,15.117703363558789,46.07574570220766,0.0,mean_domain_loss
X-n162-k11,161,atm,ortools:nominal_or_tools,nominal_or_tools,ortools,True,True,True,11,14676.0,4.999264717102051,0.7961544990539551,5.795419216156006,12194.0,0.9442465541273037,pulp_cbc,mean_domain_loss,4784.500355052503,,180,60,True,14041.602423680102,14059.258642798679,17116.69937454782,17172.81426272881,12140.944531197707,12913.999987,19460.500355052507,22717.5423827828,26118.425226426298,1220.4433651916675,2114.744766996563,0.39602484472049687,1726.9244409578607,4784.500355052503,0.0,mean_domain_loss
X-n162-k11,161,cargo,ortools:nominal_or_tools,nominal_or_tools,ortools,True,True,True,11,14676.0,4.999264717102051,0.8525550365447998,5.851819753646851,12194.0,0.9442465541273037,pulp_cbc,mean_domain_loss,3639.1012486086124,,180,60,True,14041.602423680102,14059.258642798679,17116.69937454782,17172.81426272881,11043.309569841622,12913.999995,18315.101248608615,20857.133128244488,23413.65267560705,1245.320340917405,2146.1852207710326,0.4049689440993789,1751.8014246835985,3639.1012486086124,0.0,mean_domain_loss
X-n162-k11,161,cold_chain,ortools:nominal_or_tools,nominal_or_tools,ortools,True,True,True,11,14676.0,4.999264717102051,0.8623917102813721,5.861656427383423,12194.0,0.9442465541273037,pulp_cbc,mean_domain_loss,4693.071110755261,,180,60,True,14041.602423680102,14059.258642798679,17116.69937454782,17172.81426272881,12531.850276852678,12913.99998,21763.022668379053,23666.579427217963,25881.389669429816,1227.3385237975133,2138.53994779824,0.3877018633540373,1733.819592563707,4693.071110755261,2393.951557623791,mean_domain_loss
X-n162-k11,161,grocery,ortools:nominal_or_tools,nominal_or_tools,ortools,True,True,True,11,14676.0,4.999264717102051,0.7809934616088867,5.7802581787109375,12194.0,0.9442465541273037,pulp_cbc,mean_domain_loss,3193.4410848106468,,180,60,True,14041.602423680102,14059.258642798679,17116.69937454782,17172.81426272881,5694.826362650165,12913.999975,17869.441084810645,19394.39464729739,21119.156923062397,1221.000530527605,2120.9649436904274,0.3943478260869565,1727.4815942937985,3193.4410848106468,0.0,mean_domain_loss
X-n167-k10,166,atm,ortools:nominal_or_tools,nominal_or_tools,ortools,True,True,True,10,22643.0,5.004205942153931,0.8288593292236328,5.8330652713775635,1236.0,0.9293233082706767,pulp_cbc,mean_domain_loss,520.2429413351048,,180,60,True,1338.4496844448638,1339.8281173836035,1575.9630876437734,1578.5498416441526,940.6715663129335,1329.9999995999997,23163.242941335095,23563.157740280738,23770.997929703135,131.9194145496985,242.89400119218038,0.4179518072289157,200.79202178675953,520.2429413351048,0.0,mean_domain_loss
X-n167-k10,166,cargo,ortools:nominal_or_tools,nominal_or_tools,ortools,True,True,True,10,22643.0,5.004205942153931,0.868988037109375,5.873193979263306,1236.0,0.9293233082706767,pulp_cbc,mean_domain_loss,396.02601984465997,,180,60,True,1338.4496844448638,1339.8281173836035,1575.9630876437734,1578.5498416441526,848.1743185872255,1330.0000014999998,23039.02601984466,23342.279733370393,23508.987710037465,133.0004322797123,243.34616059123692,0.41566265060240964,201.8730414167734,396.02601984465997,0.0,mean_domain_loss
X-n167-k10,166,cold_chain,ortools:nominal_or_tools,nominal_or_tools,ortools,True,True,True,10,22643.0,5.004205942153931,0.8123183250427246,5.816524267196655,1236.0,0.9293233082706767,pulp_cbc,mean_domain_loss,496.2015334049773,,180,60,True,1338.4496844448638,1339.8281173836035,1575.9630876437734,1578.5498416441526,1066.3955532479397,1297.4679677,23377.393308375234,23615.670365371418,23756.647039986146,133.92845737652704,244.77774644226167,0.41789156626506024,170.26903271358802,496.2015334049773,238.19177497025797,mean_domain_loss
X-n167-k10,166,grocery,ortools:nominal_or_tools,nominal_or_tools,ortools,True,True,True,10,22643.0,5.004205942153931,0.8524312973022461,5.856637239456177,1236.0,0.9293233082706767,pulp_cbc,mean_domain_loss,340.9645838872534,,180,60,True,1338.4496844448638,1339.8281173836035,1575.9630876437734,1578.5498416441526,467.9930757917623,1302.6125662999998,22983.964583887257,23175.22567632324,23283.244092834735,133.22360185497277,244.53301077198392,0.4216265060240964,174.7087757920338,340.9645838872534,0.0,mean_domain_loss
X-n181-k23,180,atm,ortools:nominal_or_tools,nominal_or_tools,ortools,True,True,True,23,26232.0,5.007904529571533,0.9383137226104736,5.946218252182007,180.0,0.9782608695652174,pulp_cbc,mean_domain_loss,76.6722731180917,,180,60,True,197.95924832567653,198.6785845016122,228.80907667940576,229.20917736249467,159.83334841120256,184.00000012,26308.672273118093,26361.429821555954,26429.44821836779,20.134476781116216,35.193855007723116,0.438,21.929824345220723,76.6722731180917,0.0,mean_domain_loss
X-n181-k23,180,cargo,ortools:nominal_or_tools,nominal_or_tools,ortools,True,True,True,23,26232.0,5.007904529571533,1.0729937553405762,6.080898284912109,180.0,0.9782608695652174,pulp_cbc,mean_domain_loss,58.196162415212505,,180,60,True,197.95924832567653,198.6785845016122,228.80907667940576,229.20917736249467,145.8125077601529,184.00000007,26290.196162415206,26332.668980639977,26382.99501551019,20.197191538655883,35.32908999299857,0.43933333333333335,21.9925390527604,58.196162415212505,0.0,mean_domain_loss
X-n181-k23,180,cold_chain,ortools:nominal_or_tools,nominal_or_tools,ortools,True,True,True,23,26232.0,5.007904529571533,0.8815741539001465,5.88947868347168,180.0,0.9782608695652174,pulp_cbc,mean_domain_loss,70.38027209030612,,180,60,True,197.95924832567653,198.6785845016122,228.80907667940576,229.20917736249467,166.65173155008748,184.0,26335.60558614547,26365.283535634753,26412.735213319724,20.13194948273869,35.156517714301714,0.4351111111111111,21.927296926843198,70.38027209030612,33.22531405516114,mean_domain_loss
X-n181-k23,180,grocery,ortools:nominal_or_tools,nominal_or_tools,ortools,True,True,True,23,26232.0,5.007904529571533,0.8184547424316406,5.826359272003174,180.0,0.9782608695652174,pulp_cbc,mean_domain_loss,48.96991929630506,,180,60,True,197.95924832567653,198.6785845016122,228.80907667940576,229.20917736249467,75.15426507725716,184.00000018000003,26280.96991929631,26305.40570086752,26341.34450331273,20.070438354333156,35.190443985019286,0.43577777777777776,21.86578597843767,48.96991929630506,0.0,mean_domain_loss
X-n186-k15,185,atm,ortools:nominal_or_tools,nominal_or_tools,ortools,True,True,True,15,25982.0,4.998011827468872,1.202061414718628,6.2000732421875,13853.0,0.948186173853525,pulp_cbc,mean_domain_loss,6130.835697753599,,180,60,True,15309.918049106675,15348.692003297172,18004.971786960705,18023.357427310362,12220.391178127826,14343.799855,32112.8356977536,38226.97655087672,43781.585330017566,1577.7770544373705,3295.1498174657195,0.41243243243243244,1936.0507017146313,6130.835697753599,0.0,mean_domain_loss
X-n186-k15,185,cargo,ortools:nominal_or_tools,nominal_or_tools,ortools,True,True,True,15,25982.0,4.998011827468872,1.212768316268921,6.210780143737793,13853.0,0.948186173853525,pulp_cbc,mean_domain_loss,4652.289031294397,,180,60,True,15309.918049106675,15348.692003297172,18004.971786960705,18023.357427310362,11044.801047369541,14389.361476999999,30634.289031294404,35399.548552649365,39569.73531629684,1582.3717028811595,3290.216458686233,0.41205405405405404,1986.20697215842,4652.289031294397,0.0,mean_domain_loss
X-n186-k15,185,cold_chain,ortools:nominal_or_tools,nominal_or_tools,ortools,True,True,True,15,25982.0,4.998011827468872,1.0532503128051758,6.051262140274048,13853.0,0.948186173853525,pulp_cbc,mean_domain_loss,5729.417079919984,,180,60,True,15309.918049106675,15348.692003297172,18004.971786960705,18023.357427310362,12906.213090982705,14223.365054000002,34349.420583071915,37977.237133358925,41919.318792840044,1590.0930002231191,3325.337597368472,0.41156756756756757,1827.9318465003794,5729.417079919984,2638.0035031519315,mean_domain_loss
X-n186-k15,185,grocery,ortools:nominal_or_tools,nominal_or_tools,ortools,True,True,True,15,25982.0,4.998011827468872,0.9637868404388428,5.961798667907715,13853.0,0.948186173853525,pulp_cbc,mean_domain_loss,3963.522734983785,,180,60,True,15309.918049106675,15348.692003297172,18004.971786960705,18023.357427310362,5832.649495699479,14245.466772,29945.522734983788,32878.45162898503,35834.106381755475,1582.5945774304882,3322.369188731112,0.41286486486486484,1842.5351417077493,3963.522734983785,0.0,mean_domain_loss
X-n190-k8,189,atm,ortools:robust_mean_1std_scaled_or_tools,robust_mean_1std_scaled_or_tools,ortools,True,True,True,8,18334.0,5.001172304153442,0.9754049777984619,5.976577281951904,1098.4799999999996,0.9949999999999996,pulp_cbc,mean_domain_loss,487.4217007426157,,180,60,True,1163.1102271100574,1164.541932744727,1415.5336601339425,1417.944225661104,925.1431600653277,1104.00000099,18821.421700742616,19263.422835263165,19695.2448169821,124.03388249114857,245.41216405619718,0.42227513227513225,147.92562918434226,487.4217007426157,0.0,mean_domain_loss
X-n190-k8,189,cargo,ortools:robust_mean_1std_scaled_or_tools,robust_mean_1std_scaled_or_tools,ortools,True,True,True,8,18334.0,5.001172304153442,1.15464186668396,6.155814170837402,1098.4799999999996,0.9949999999999996,pulp_cbc,mean_domain_loss,366.7219149306594,,180,60,True,1163.1102271100574,1164.541932744727,1415.5336601339425,1417.944225661104,834.8705762548043,1103.9999998800001,18700.721914930662,19044.397050761127,19367.508177742748,124.20578311486392,245.6103748521444,0.4176190476190476,148.0975286980576,366.7219149306594,0.0,mean_domain_loss
X-n190-k8,189,cold_chain,ortools:quantile_p90_scaled_or_tools,quantile_p90_scaled_or_tools,ortools,True,True,True,8,18310.0,4.99981427192688,1.0266923904418945,6.026506662368774,1098.48,0.995,pulp_cbc,mean_domain_loss,460.77602134110816,,180,60,True,1163.1102271100574,1164.541932744727,1415.5336601339425,1417.944225661104,1002.6266535253449,1104.0000026999999,18978.884989148173,19233.662150306685,19539.6229283829,124.14995093132477,243.87806613289655,0.4120634920634921,148.04169933451843,460.77602134110816,208.1089678070672,mean_domain_loss
X-n190-k8,189,grocery,ortools:robust_mean_1std_scaled_or_tools,robust_mean_1std_scaled_or_tools,ortools,True,True,True,8,18334.0,5.001172304153442,0.9389140605926514,5.940086364746094,1098.4799999999996,0.9949999999999996,pulp_cbc,mean_domain_loss,316.8731076634418,,180,60,True,1163.1102271100574,1164.541932744727,1415.5336601339425,1417.944225661104,442.7447380655791,1103.99999784,18650.873107663443,18858.203416844266,19087.60566081231,124.08519014671805,245.27919604806215,0.4201058201058201,147.97693368991173,316.8731076634418,0.0,mean_domain_loss
X-n204-k19,203,atm,ortools:nominal_or_tools,nominal_or_tools,ortools,True,True,True,19,21213.0,4.988438844680786,1.110072135925293,6.098510980606079,15135.0,0.9528456308234702,pulp_cbc,mean_domain_loss,6619.744272376654,,180,60,True,16657.037292963792,16667.364983390977,19151.0805427942,19176.691727605437,11679.752142882606,15883.999994,27832.744272376654,33661.1271389721,39802.39250675621,1712.1553267546076,3356.079749181097,0.42019704433497534,1995.1364808395363,6619.744272376654,0.0,mean_domain_loss
X-n204-k19,203,cargo,ortools:nominal_or_tools,nominal_or_tools,ortools,True,True,True,19,21213.0,4.988438844680786,1.3440806865692139,6.33251953125,15135.0,0.9528456308234702,pulp_cbc,mean_domain_loss,5029.808926172746,,180,60,True,16657.037292963792,16667.364983390977,19151.0805427942,19176.691727605437,10466.42422687535,15883.999991,26242.80892617275,30810.639164918466,35389.566552870405,1721.6077881512215,3377.9023594757027,0.41960591133004926,2004.5889392361507,5029.808926172746,0.0,mean_domain_loss
X-n204-k19,203,cold_chain,ortools:nominal_or_tools,nominal_or_tools,ortools,True,True,True,19,21213.0,4.988438844680786,1.0460035800933838,6.03444242477417,15135.0,0.9528456308234702,pulp_cbc,mean_domain_loss,6187.095643717875,,180,60,True,16657.037292963792,16667.364983390977,19151.0805427942,19176.691727605437,12951.501959464737,15884.000012999999,30349.77510188279,33719.669192612586,37956.876595964924,1713.2096476957406,3343.763937415262,0.4156650246305419,1996.19082078067,6187.095643717875,2949.679458164921,mean_domain_loss
X-n204-k19,203,grocery,ortools:nominal_or_tools,nominal_or_tools,ortools,True,True,True,19,21213.0,4.988438844680786,1.1015894412994385,6.090028285980225,15135.0,0.9528456308234702,pulp_cbc,mean_domain_loss,4267.179713531227,,180,60,True,16657.037292963792,16667.364983390977,19151.0805427942,19176.691727605437,5740.848454917885,15884.000012,25480.179713531234,28255.327635972015,31449.400252192514,1710.8553747607466,3362.2858266737144,0.4196551724137931,1993.8365468456752,4267.179713531227,0.0,mean_domain_loss
X-n209-k16,208,atm,ortools:quantile_p75_scaled_or_tools,quantile_p75_scaled_or_tools,ortools,True,True,True,16,32916.0,5.0032007694244385,1.1055114269256592,6.108712196350098,1607.92,0.995,pulp_cbc,mean_domain_loss,638.4797824173512,,180,60,True,1728.5373708196844,1732.707831817492,2088.5534407537966,2090.6974809885087,1372.7608797880278,1616.0000003,33554.47978241735,34048.80614275241,34575.71077374397,164.6966475659899,305.75447996680316,0.4148557692307692,205.4454506709948,638.4797824173512,0.0,mean_domain_loss
X-n209-k16,208,cargo,ortools:quantile_p75_scaled_or_tools,quantile_p75_scaled_or_tools,ortools,True,True,True,16,32916.0,5.0032007694244385,1.3030264377593994,6.306227207183838,1607.92,0.995,pulp_cbc,mean_domain_loss,482.98431994324505,,180,60,True,1728.5373708196844,1732.707831817492,2088.5534407537966,2090.6974809885087,1244.2346740515893,1616.0000006,33398.98431994324,33776.20612314468,34177.83898623103,165.34810059709562,304.62658782493634,0.41302884615384616,206.0969040021005,482.98431994324505,0.0,mean_domain_loss
X-n209-k16,208,cold_chain,ortools:quantile_p75_scaled_or_tools,quantile_p75_scaled_or_tools,ortools,True,True,True,16,32916.0,5.0032007694244385,1.0344805717468262,6.037681341171265,1607.92,0.995,pulp_cbc,mean_domain_loss,605.8363657254097,,180,60,True,1728.5373708196844,1732.707831817492,2088.5534407537966,2090.6974809885087,1454.4901354118188,1616.0000005000002,33819.78072212985,34098.349852451065,34456.93051128317,164.45952430373364,305.9029525878623,0.41009615384615383,205.2083276087385,605.8363657254097,297.94435640444294,mean_domain_loss
X-n209-k16,208,grocery,ortools:quantile_p75_scaled_or_tools,quantile_p75_scaled_or_tools,ortools,True,True,True,16,32916.0,5.0032007694244385,0.989079475402832,5.9922802448272705,1607.92,0.995,pulp_cbc,mean_domain_loss,417.26525802364966,,180,60,True,1728.5373708196844,1732.707831817492,2088.5534407537966,2090.6974809885087,650.5867591954891,1615.9999991,33333.265258023646,33560.91413964758,33834.52091618073,164.42448258135653,305.89765702043377,0.41259615384615383,205.1732844863614,417.26525802364966,0.0,mean_domain_loss
X-n214-k11,213,atm,ortools:quantile_p75_scaled_or_tools,quantile_p75_scaled_or_tools,ortools,True,True,True,11,13083.0,5.005523443222046,1.1090672016143799,6.114590644836426,10332.080000000002,0.9950000000000002,pulp_cbc,mean_domain_loss,5342.106927880302,,180,60,True,11525.098152614886,11542.610363831476,13483.907107768655,13521.958776987056,10128.29476625693,10384.0000082,18425.1069278803,21935.19927262609,25524.004125949898,1370.4754848665968,2340.131276853295,0.48169014084507045,1174.3743560986923,5342.106927880302,0.0,mean_domain_loss
X-n214-k11,213,cargo,ortools:robust_mean_1std_scaled_or_tools,robust_mean_1std_scaled_or_tools,ortools,True,True,True,11,13723.0,5.005114793777466,1.2984309196472168,6.303545713424683,10332.079999999998,0.9949999999999998,pulp_cbc,mean_domain_loss,4021.1708915200807,,180,60,True,11525.098152614886,11542.610363831476,13483.907107768655,13521.958776987056,8952.050227839498,10384.0000064,17744.17089152008,20427.69986670969,23120.83563670019,1377.4601698431804,2351.8158517351103,0.4747417840375587,1181.3590392752753,4021.1708915200807,0.0,mean_domain_loss
X-n214-k11,213,cold_chain,ortools:quantile_p75_scaled_or_tools,quantile_p75_scaled_or_tools,ortools,True,True,True,11,13083.0,5.005523443222046,1.1096420288085938,6.11516547203064,10332.080000000002,0.9950000000000002,pulp_cbc,mean_domain_loss,4748.078247211247,,180,60,True,11525.098152614886,11542.610363831476,13483.907107768655,13521.958776987056,10364.535253651291,10384.0000077,19824.778113212207,21941.17370204615,24428.07096802879,1372.4053530756894,2327.9155702068765,0.4703286384976526,1176.3042238077853,4748.078247211247,1993.6998660009608,mean_domain_loss
X-n214-k11,213,grocery,ortools:nominal_or_tools,nominal_or_tools,ortools,True,True,True,11,12859.0,5.00400972366333,1.141120433807373,6.145130157470703,10356.0,0.9973035439137135,pulp_cbc,mean_domain_loss,3311.1987584756025,,180,60,True,11525.098152614886,11542.610363831476,13483.907107768655,13521.958776987056,4858.48890842807,10384.000000200002,16170.1987584756,17857.067670802742,19752.658241888646,1367.8979330112159,2335.5390051646605,0.4735211267605634,1171.7967962433115,3311.1987584756025,0.0,mean_domain_loss
X-n219-k73,218,atm,ortools:nominal_or_tools,nominal_or_tools,ortools,True,True,True,73,118409.0,5.003289699554443,0.9219789505004883,5.925268650054932,218.0,0.9954337899543378,pulp_cbc,mean_domain_loss,105.15745135759056,,180,60,True,242.376031709029,242.8534714087248,287.4950894029832,287.6885078827544,204.24892641199693,218.99999960999997,118514.15745135758,118611.83669575848,118694.31383813525,27.995285015216176,56.26442195714017,0.4765596330275229,22.945127786931124,105.15745135759056,0.0,mean_domain_loss
X-n219-k73,218,cargo,ortools:nominal_or_tools,nominal_or_tools,ortools,True,True,True,73,118409.0,5.003289699554443,0.9521872997283936,5.955476999282837,218.0,0.9954337899543378,pulp_cbc,mean_domain_loss,79.95994834386953,,180,60,True,242.376031709029,242.8534714087248,287.4950894029832,287.6885078827544,185.91736754155022,219.00000009000001,118488.95994834388,118564.14706487214,118627.57152644859,27.99694825428066,56.16297351072815,0.4738532110091743,22.946791505995613,79.95994834386953,0.0,mean_domain_loss
X-n219-k73,218,cold_chain,ortools:nominal_or_tools,nominal_or_tools,ortools,True,True,True,73,118409.0,5.003289699554443,0.9367656707763672,5.9400553703308105,218.0,0.9954337899543378,pulp_cbc,mean_domain_loss,91.79799193595645,,180,60,True,242.376031709029,242.8534714087248,287.4950894029832,287.6885078827544,207.2313124099847,218.9537704,118540.77774208732,118600.43667007126,118658.61027817545,27.979400917778847,56.10604474334298,0.4736238532110092,22.8830144794938,91.79799193595645,39.97975015137228,mean_domain_loss
X-n219-k73,218,grocery,ortools:nominal_or_tools,nominal_or_tools,ortools,True,True,True,73,118409.0,5.003289699554443,0.9363541603088379,5.939643859863281,218.0,0.9954337899543378,pulp_cbc,mean_domain_loss,64.91442993801611,,180,60,True,242.376031709029,242.8534714087248,287.4950894029832,287.6885078827544,94.88264610050318,218.99999979,118473.91442993801,118521.28766149963,118565.24410569358,27.97943221724589,56.21660718120898,0.4758715596330275,22.92927516896085,64.91442993801611,0.0,mean_domain_loss
X-n223-k34,222,atm,ortools:robust_mean_1std_scaled_or_tools,robust_mean_1std_scaled_or_tools,ortools,True,True,True,34,47633.0,5.000888824462891,1.0155296325683594,6.01641845703125,1251.7100000000003,0.9950000000000002,pulp_cbc,mean_domain_loss,605.468509961756,,180,60,True,1378.2518636282953,1385.8779151195247,1599.402231662014,1602.47449459314,1259.9890101524925,1258.00000108,48238.46850996176,48702.41318129694,49221.71756516238,155.73458338918837,282.4448502762177,0.4545045045045045,151.99107179584848,605.468509961756,0.0,mean_domain_loss
X-n223-k34,222,cargo,ortools:robust_mean_1std_scaled_or_tools,robust_mean_1std_scaled_or_tools,ortools,True,True,True,34,47633.0,5.000888824462891,0.9382274150848389,5.9391162395477295,1251.7100000000003,0.9950000000000002,pulp_cbc,mean_domain_loss,453.2221092278894,,180,60,True,1378.2518636282953,1385.8779151195247,1599.402231662014,1602.47449459314,1133.9010321173682,1258.00000022,48086.2221092279,48435.605826725674,48830.767534054256,155.86393391692275,282.5239361824813,0.43995495495495496,152.1204214635829,453.2221092278894,0.0,mean_domain_loss
X-n223-k34,222,cold_chain,ortools:robust_mean_1std_scaled_or_tools,robust_mean_1std_scaled_or_tools,ortools,True,True,True,34,47633.0,5.000888824462891,0.9705917835235596,5.97148060798645,1251.7100000000003,0.9950000000000002,pulp_cbc,mean_domain_loss,550.1291828704235,,180,60,True,1378.2518636282953,1385.8779151195247,1599.402231662014,1602.47449459314,1292.5685490313872,1257.99999961,48424.999761371975,48684.445882804896,49064.26089399091,155.79202578393782,282.36922328321214,0.4450900900900901,152.04851272059793,550.1291828704235,241.87057850154994,mean_domain_loss
X-n223-k34,222,grocery,ortools:robust_mean_1std_scaled_or_tools,robust_mean_1std_scaled_or_tools,ortools,True,True,True,34,47633.0,5.000888824462891,0.9800529479980469,5.9809417724609375,1251.7100000000003,0.9950000000000002,pulp_cbc,mean_domain_loss,381.05016290822516,,180,60,True,1378.2518636282953,1385.8779151195247,1599.402231662014,1602.47449459314,586.3297335775185,1257.9999976899999,48014.05016290822,48227.333541403765,48510.784847867806,155.6225629808054,282.31757717402826,0.4525225225225225,151.87904799746556,381.05016290822516,0.0,mean_domain_loss
X-n228-k23,227,atm,ortools:proxy_mean_scaled_or_tools,proxy_mean_scaled_or_tools,ortools,True,True,True,23,33383.0,5.004800319671631,1.1818251609802246,6.1866254806518555,3524.2900000000004,0.9950000000000001,pulp_cbc,mean_domain_loss,1931.0868540360766,,180,60,True,3871.187173963408,3880.369089269405,4574.970830957401,4579.389746009339,3690.1591800177134,3542.0000039099996,35314.08685403608,36591.88263581611,37794.38698347174,480.3454253337775,811.3822012937558,0.4742290748898678,452.66236937074376,1931.0868540360766,0.0,mean_domain_loss
X-n228-k23,227,cargo,ortools:proxy_mean_scaled_or_tools,proxy_mean_scaled_or_tools,ortools,True,True,True,23,33383.0,5.004800319671631,1.219383716583252,6.224184036254883,3524.2900000000004,0.9950000000000001,pulp_cbc,mean_domain_loss,1452.3115572460183,,180,60,True,3871.187173963408,3880.369089269405,4574.970830957401,4579.389746009339,3282.699525840719,3541.9999947399997,34835.31155724602,35834.117259358805,36715.16126441839,484.42517647752817,812.5304730648375,0.4706167400881057,456.7421113444945,1452.3115572460183,0.0,mean_domain_loss
X-n228-k23,227,cold_chain,ortools:proxy_mean_scaled_or_tools,proxy_mean_scaled_or_tools,ortools,True,True,True,23,33383.0,5.004800319671631,1.2404367923736572,6.245237112045288,3524.2900000000004,0.9950000000000001,pulp_cbc,mean_domain_loss,1750.4527513020262,,180,60,True,3871.187173963408,3880.369089269405,4574.970830957401,4579.389746009339,3684.697210189243,3542.0000009200003,35703.7865983556,36474.46064509625,37329.80814094097,482.0631548481895,810.6504211584759,0.4716299559471366,454.3800958951558,1750.4527513020262,570.3338470535714,mean_domain_loss
X-n228-k23,227,grocery,ortools:proxy_mean_scaled_or_tools,proxy_mean_scaled_or_tools,ortools,True,True,True,23,33383.0,5.004800319671631,1.088463544845581,6.093263864517212,3524.2900000000004,0.9950000000000001,pulp_cbc,mean_domain_loss,1208.4218402323977,,180,60,True,3871.187173963408,3880.369089269405,4574.970830957401,4579.389746009339,1762.0176232923152,3541.9999989199996,34591.4218402324,35210.67442526068,35852.52326626371,479.2656645989917,810.1528224832597,0.4694273127753304,451.5826036459582,1208.4218402323977,0.0,mean_domain_loss
X-n233-k16,232,atm,ortools:proxy_mean_scaled_or_tools,proxy_mean_scaled_or_tools,ortools,True,True,True,16,23289.0,4.9984588623046875,1.2130780220031738,6.211536884307861,10045.52,0.995,pulp_cbc,mean_domain_loss,4800.463837344079,,180,60,True,11334.41800874414,11355.553726611493,13290.364120543143,13318.412455060521,10611.263932227568,10095.999986620001,28089.46383734408,30930.015321821047,33463.96586405596,1220.35067486701,2014.3585366208654,0.45448275862068965,1201.989822055686,4800.463837344079,0.0,mean_domain_loss
X-n233-k16,232,cargo,ortools:quantile_p90_scaled_or_tools,quantile_p90_scaled_or_tools,ortools,True,True,True,16,23503.0,5.0001044273376465,1.4659969806671143,6.466101408004761,10045.520000000002,0.9950000000000002,pulp_cbc,mean_domain_loss,3587.5837872261677,,180,60,True,11334.41800874414,11355.553726611493,13290.364120543143,13318.412455060521,9349.14289513451,10095.99999923,27090.583787226165,29252.46655592426,31152.253514587763,1232.7719750412994,2046.434481119194,0.4658189655172414,1214.4111348399756,3587.5837872261677,0.0,mean_domain_loss
X-n233-k16,232,cold_chain,ortools:proxy_mean_scaled_or_tools,proxy_mean_scaled_or_tools,ortools,True,True,True,16,23289.0,4.9984588623046875,1.1845686435699463,6.183027505874634,10045.52,0.995,pulp_cbc,mean_domain_loss,4350.929914762233,,180,60,True,11334.41800874414,11355.553726611493,13290.364120543143,13318.412455060521,10474.43896912553,10095.99999824,29382.33127342654,31017.03876468916,32797.360725623534,1218.9206332095712,2020.7995254586137,0.44840517241379313,1200.5597920182472,4350.929914762233,1742.4013586643077,mean_domain_loss
X-n233-k16,232,grocery,ortools:proxy_mean_scaled_or_tools,proxy_mean_scaled_or_tools,ortools,True,True,True,16,23289.0,4.9984588623046875,1.1104707717895508,6.108929634094238,10045.52,0.995,pulp_cbc,mean_domain_loss,3029.4029511834487,,180,60,True,11334.41800874414,11355.553726611493,13290.364120543143,13318.412455060521,5038.789133752825,10095.999999,26318.402951183452,27634.12419629182,28995.286234475752,1220.9176853499403,2014.1945732654806,0.4512931034482759,1202.5568449186164,3029.4029511834487,0.0,mean_domain_loss
X-n237-k14,236,atm,ortools:nominal_or_tools,nominal_or_tools,ortools,True,True,True,14,29009.0,4.999208450317383,1.3575761318206787,6.3567845821380615,236.0,0.9365079365079365,pulp_cbc,mean_domain_loss,106.92074236707346,,180,60,True,263.8174816145851,264.3221102784825,313.4568471108956,314.5631472546253,235.73985390516086,237.72165777,29115.920742367074,29196.709065762,29282.707953472313,28.248184831610534,50.96917353308239,0.4710169491525424,25.47272390457048,106.92074236707346,0.0,mean_domain_loss
X-n237-k14,236,cargo,ortools:nominal_or_tools,nominal_or_tools,ortools,True,True,True,14,29009.0,4.999208450317383,1.45878267288208,6.457991123199463,236.0,0.9365079365079365,pulp_cbc,mean_domain_loss,81.194384082054,,180,60,True,263.8174816145851,264.3221102784825,313.4568471108956,314.5631472546253,215.80019971805058,237.93170183,29090.194384082053,29152.470973760304,29217.641214743104,28.415642244977384,51.465447907519106,0.4709322033898305,25.850225377937342,81.194384082054,0.0,mean_domain_loss
X-n237-k14,236,cold_chain,ortools:nominal_or_tools,nominal_or_tools,ortools,True,True,True,14,29009.0,4.999208450317383,1.383890151977539,6.383098602294922,236.0,0.9365079365079365,pulp_cbc,mean_domain_loss,94.39519033063145,,180,60,True,263.8174816145851,264.3221102784825,313.4568471108956,314.5631472546253,236.24334280618575,236.90640724000002,29146.56188113991,29196.037207249312,29254.71078853808,28.346818469494888,50.94759867786966,0.4699576271186441,24.75610701245484,94.39519033063145,43.16669080928282,mean_domain_loss
X-n237-k14,236,grocery,ortools:nominal_or_tools,nominal_or_tools,ortools,True,True,True,14,29009.0,4.999208450317383,1.327404260635376,6.326612710952759,236.0,0.9365079365079365,pulp_cbc,mean_domain_loss,66.39953275263633,,180,60,True,263.8174816145851,264.3221102784825,313.4568471108956,314.5631472546253,108.06576981675619,236.85561266000002,29075.39953275263,29114.37508360475,29159.42551734444,28.236058433231914,50.82442617402449,0.46961864406779663,24.594552396191865,66.39953275263633,0.0,mean_domain_loss
X-n242-k48,241,atm,ortools:quantile_p75_scaled_or_tools,quantile_p75_scaled_or_tools,ortools,True,True,True,48,91469.0,5.0008533000946045,1.0336649417877197,6.034518241882324,1337.2800000000002,0.9950000000000001,pulp_cbc,mean_domain_loss,687.3956962879548,,180,60,True,1475.973949221342,1477.1879078045301,1719.0860596616137,1721.4645129425173,1251.738881397905,1343.9999994500001,92156.39569628797,92700.77846290053,93180.74263638369,177.13332247724492,331.58008118541113,0.47311203319502076,154.08178582539685,687.3956962879548,0.0,mean_domain_loss
X-n242-k48,241,cargo,ortools:quantile_p75_scaled_or_tools,quantile_p75_scaled_or_tools,ortools,True,True,True,48,91469.0,5.0008533000946045,1.010890007019043,6.0117433071136475,1337.2800000000002,0.9950000000000001,pulp_cbc,mean_domain_loss,517.2047625830602,,180,60,True,1475.973949221342,1477.1879078045301,1719.0860596616137,1721.4645129425173,1111.2265374509384,1343.99999798,91986.20476258302,92399.60048644766,92763.47563849672,177.30494185176008,331.2668517434766,0.4634439834024896,154.253403729912,517.2047625830602,0.0,mean_domain_loss
X-n242-k48,241,cold_chain,ortools:quantile_p75_scaled_or_tools,quantile_p75_scaled_or_tools,ortools,True,True,True,48,91469.0,5.0008533000946045,1.0739843845367432,6.074837684631348,1337.2800000000002,0.9950000000000001,pulp_cbc,mean_domain_loss,611.7251740772235,,180,60,True,1475.973949221342,1477.1879078045301,1719.0860596616137,1721.4645129425173,1304.7758998966406,1343.99999798,92343.83988810988,92676.16340513277,93012.24529877977,177.08997936855974,330.99765904991904,0.4662240663900415,154.03844124671173,611.7251740772235,263.114714032666,mean_domain_loss
X-n242-k48,241,grocery,ortools:quantile_p75_scaled_or_tools,quantile_p75_scaled_or_tools,ortools,True,True,True,48,91469.0,5.0008533000946045,1.0397193431854248,6.040572643280029,1337.2800000000002,0.9950000000000001,pulp_cbc,mean_domain_loss,426.8661830328656,,180,60,True,1475.973949221342,1477.1879078045301,1719.0860596616137,1721.4645129425173,598.2970867830061,1344.00000129,91895.86618303286,92160.71832143229,92414.81972724301,177.03172801102636,331.280439698297,0.4708713692946058,153.9801931991783,426.8661830328656,0.0,mean_domain_loss
X-n251-k28,250,atm,ortools:nominal_or_tools,nominal_or_tools,ortools,True,True,True,28,40465.0,4.999375104904175,1.139697790145874,6.139072895050049,1867.0,0.9663561076604554,pulp_cbc,mean_domain_loss,838.7487142387239,,180,60,True,2083.418657642686,2086.52559340612,2424.7257298494433,2425.3478480666686,1696.4652289665305,1932.0000021,41303.748714238725,41931.40251650499,42576.28329455781,217.42323223945456,396.95138801507926,0.43748,239.20005838704034,838.7487142387239,0.0,mean_domain_loss
X-n251-k28,250,cargo,ortools:nominal_or_tools,nominal_or_tools,ortools,True,True,True,28,40465.0,4.999375104904175,1.1508629322052002,6.150238037109375,1867.0,0.9663561076604554,pulp_cbc,mean_domain_loss,634.7669454829879,,180,60,True,2083.418657642686,2086.52559340612,2424.7257298494433,2425.3478480666686,1526.6296280112604,1931.9999996,41099.76694548299,41586.256070631534,42068.508017177985,217.9185903460944,397.26578127661816,0.43316,239.69541399368012,634.7669454829879,0.0,mean_domain_loss
X-n251-k28,250,cold_chain,ortools:nominal_or_tools,nominal_or_tools,ortools,True,True,True,28,40465.0,4.999375104904175,1.190739631652832,6.190114736557007,1867.0,0.9663561076604554,pulp_cbc,mean_domain_loss,770.3228017741324,,180,60,True,2083.418657642686,2086.52559340612,2424.7257298494433,2425.3478480666686,1770.769658106567,1923.6758217000001,41585.11981963547,41944.228610009704,42391.988199898755,218.3258188828903,396.4782681195302,0.43368,231.77846463047615,770.3228017741324,349.79701786132966,mean_domain_loss
X-n251-k28,250,grocery,ortools:nominal_or_tools,nominal_or_tools,ortools,True,True,True,28,40465.0,4.999375104904175,1.100257396697998,6.099632501602173,1867.0,0.9663561076604554,pulp_cbc,mean_domain_loss,534.703397765502,,180,60,True,2083.418657642686,2086.52559340612,2424.7257298494433,2425.3478480666686,805.6037943242404,1926.0939971,40999.7033977655,41290.08857671861,41633.85781033521,217.56581676675498,395.7862885693988,0.43736,233.43663791434076,534.703397765502,0.0,mean_domain_loss
X-n261-k13,260,atm,ortools:quantile_p75_scaled_or_tools,quantile_p75_scaled_or_tools,ortools,True,True,True,13,31282.0,4.999382734298706,1.5909998416900635,6.5903825759887695,13982.735,0.995,pulp_cbc,mean_domain_loss,6467.14390662604,,180,60,True,14982.669280417082,15021.029351368781,17862.196299766994,17900.458727447764,12471.465910790594,14052.999975800001,37749.14390662604,43540.55038462132,48478.60380649354,1648.0365962666838,3235.052842096612,0.43288461538461537,1831.9993800366253,6467.14390662604,0.0,mean_domain_loss
X-n261-k13,260,cargo,ortools:robust_mean_2std_scaled_or_tools,robust_mean_2std_scaled_or_tools,ortools,True,True,True,13,31963.0,4.994017601013184,1.8226990699768066,6.81671667098999,13982.735000000002,0.9950000000000002,pulp_cbc,mean_domain_loss,4841.914950434352,,180,60,True,14982.669280417082,15021.029351368781,17862.196299766994,17900.458727447764,11209.532760811588,14052.99997271,36804.91495043435,41108.272419719,44941.075538606776,1660.8733273769308,3232.158747275028,0.4326153846153846,1844.8361080568727,4841.914950434352,0.0,mean_domain_loss
X-n261-k13,260,cold_chain,ortools:proxy_mean_scaled_or_tools,proxy_mean_scaled_or_tools,ortools,True,True,True,13,31364.0,5.003677606582642,1.5398588180541992,6.543536424636841,13982.735000000002,0.9950000000000002,pulp_cbc,mean_domain_loss,6025.565164466592,,180,60,True,14982.669280417082,15021.029351368781,17862.196299766994,17900.458727447764,13319.109097908844,14052.9999888,40101.29195624335,43626.48649548242,47018.54182638342,1646.9191017350165,3233.2560124898255,0.42303846153846153,1830.881898504959,6025.565164466592,2711.726791776756,mean_domain_loss
X-n261-k13,260,grocery,ortools:quantile_p75_scaled_or_tools,quantile_p75_scaled_or_tools,ortools,True,True,True,13,31282.0,4.999382734298706,1.4136321544647217,6.413014888763428,13982.735,0.995,pulp_cbc,mean_domain_loss,4149.221740114921,,180,60,True,14982.669280417082,15021.029351368781,17862.196299766994,17900.458727447764,5927.505497933556,14052.9999838,35431.221740114925,38254.05900245982,40816.82964170847,1645.9395046078953,3231.12639723885,0.4296923076923077,1829.9022963778368,4149.221740114921,0.0,mean_domain_loss
X-n275-k28,274,atm,ortools:nominal_or_tools,nominal_or_tools,ortools,True,True,True,28,22472.0,4.998002290725708,1.4227333068847656,6.420735597610474,274.0,0.9785714285714285,pulp_cbc,mean_domain_loss,108.61394996633572,,180,60,True,306.89828660604496,307.5660280006758,368.0009655121191,368.3309895522635,252.89804395386147,280.00000034,22580.613949966333,22657.01285719522,22757.57048916802,28.276056197151316,50.495112194120736,0.41766423357664234,34.09376522349207,108.61394996633572,0.0,mean_domain_loss
X-n275-k28,274,cargo,ortools:nominal_or_tools,nominal_or_tools,ortools,True,True,True,28,22472.0,4.998002290725708,1.5696754455566406,6.567677736282349,274.0,0.9785714285714285,pulp_cbc,mean_domain_loss,82.79194994005351,,180,60,True,306.89828660604496,307.5660280006758,368.0009655121191,368.3309895522635,229.69661452388624,280.00000001999996,22554.791949940052,22614.005273408657,22691.238420203543,28.387489142974424,50.74635744755972,0.4197810218978102,34.20519784931517,82.79194994005351,0.0,mean_domain_loss
X-n275-k28,274,cold_chain,ortools:nominal_or_tools,nominal_or_tools,ortools,True,True,True,28,22472.0,4.998002290725708,1.4354617595672607,6.433464050292969,274.0,0.9785714285714285,pulp_cbc,mean_domain_loss,101.73705906280793,,180,60,True,306.89828660604496,307.5660280006758,368.0009655121191,368.3309895522635,258.902884590517,279.70825283,22624.421035275744,22667.645066062505,22736.297320707545,28.354385450586918,50.57371319138189,0.41693430656934305,33.88034696692766,101.73705906280793,50.683976212935,mean_domain_loss
X-n275-k28,274,grocery,ortools:nominal_or_tools,nominal_or_tools,ortools,True,True,True,28,22472.0,4.998002290725708,1.3359322547912598,6.333934545516968,274.0,0.9785714285714285,pulp_cbc,mean_domain_loss,70.50975225290605,,180,60,True,306.89828660604496,307.5660280006758,368.0009655121191,368.3309895522635,119.05923885447174,279.97094958,22542.509752252903,22577.9808073307,22630.203535084627,28.2657210754061,50.48675858069855,0.41664233576642334,34.05437934174685,70.50975225290605,0.0,mean_domain_loss
X-n280-k17,279,atm,ortools:proxy_mean_scaled_or_tools,proxy_mean_scaled_or_tools,ortools,True,True,True,17,39074.0,4.998624801635742,1.4563159942626953,6.4549407958984375,3247.6800000000003,0.9950000000000001,pulp_cbc,mean_domain_loss,1805.7862145539957,,180,60,True,3569.5494701131493,3575.424894705229,4199.901283616081,4206.345190262546,3279.8954029221936,3264.00000171,40879.786214554,41977.353854066874,43199.06415135153,449.59265111939095,738.4170906287045,0.4613978494623656,397.72703014101927,1805.7862145539957,0.0,mean_domain_loss
X-n280-k17,279,cargo,ortools:proxy_mean_scaled_or_tools,proxy_mean_scaled_or_tools,ortools,True,True,True,17,39074.0,4.998624801635742,1.6358187198638916,6.634443521499634,3247.6800000000003,0.9950000000000001,pulp_cbc,mean_domain_loss,1357.9912779127317,,180,60,True,3569.5494701131493,3575.424894705229,4199.901283616081,4206.345190262546,2908.2929208910546,3263.99999645,40431.99127791273,41270.55972742524,42190.649600668476,451.4956243486384,741.9972080727051,0.4465232974910394,399.62999811026646,1357.9912779127317,0.0,mean_domain_loss
X-n280-k17,279,cold_chain,ortools:nominal_or_tools,nominal_or_tools,ortools,True,True,True,17,38220.0,5.0082738399505615,1.5634760856628418,6.571749925613403,3233.0,0.9905024509803921,pulp_cbc,mean_domain_loss,1619.5335791703124,,180,60,True,3569.5494701131493,3575.424894705229,4199.901283616081,4206.345190262546,3346.458363906182,3263.99999941,40419.205373400706,41053.64002720387,41942.628981321504,450.14256840956796,728.6320262312765,0.44157706093189963,398.27694513119604,1619.5335791703124,579.6717942303974,mean_domain_loss
X-n280-k17,279,grocery,ortools:proxy_mean_scaled_or_tools,proxy_mean_scaled_or_tools,ortools,True,True,True,17,39074.0,4.998624801635742,1.4414470195770264,6.4400718212127686,3247.6800000000003,0.9950000000000001,pulp_cbc,mean_domain_loss,1122.0501178680888,,180,60,True,3569.5494701131493,3575.424894705229,4199.901283616081,4206.345190262546,1582.260559463142,3264.0000057300003,40196.050117868086,40740.50299530134,41378.08234898148,449.076083658079,740.2617946171356,0.45627240143369174,397.2104666997072,1122.0501178680888,0.0,mean_domain_loss
X-n284-k15,283,atm,ortools:robust_mean_2std_scaled_or_tools,robust_mean_2std_scaled_or_tools,ortools,True,True,True,15,23628.0,5.007951021194458,1.6969459056854248,6.704896926879883,1626.8249999999998,0.9949999999999999,pulp_cbc,mean_domain_loss,632.1886490081176,,180,60,True,1690.7465941899184,1691.7378069241554,2011.601490678983,2013.2207644463767,1190.7032246425324,1634.99999962,24260.18864900812,24785.9737763554,25249.83885870485,159.71400210059974,306.41068166670715,0.3952650176678445,233.08428922734575,632.1886490081176,0.0,mean_domain_loss
X-n284-k15,283,cargo,ortools:robust_mean_2std_scaled_or_tools,robust_mean_2std_scaled_or_tools,ortools,True,True,True,15,23628.0,5.007951021194458,1.9800333976745605,6.9879844188690186,1626.8249999999998,0.9949999999999999,pulp_cbc,mean_domain_loss,471.0380043573678,,180,60,True,1690.7465941899184,1691.7378069241554,2011.601490678983,2013.2207644463767,1049.4517162202703,1634.9999999499998,24099.038004357368,24500.24577317995,24850.007407483303,160.344667608306,307.47687164912526,0.3902826855123675,233.71495506505198,471.0380043573678,0.0,mean_domain_loss
X-n284-k15,283,cold_chain,ortools:robust_mean_2std_scaled_or_tools,robust_mean_2std_scaled_or_tools,ortools,True,True,True,15,23628.0,5.007951021194458,1.6386902332305908,6.646641254425049,1626.8249999999998,0.9949999999999999,pulp_cbc,mean_domain_loss,627.7363060098996,,180,60,True,1690.7465941899184,1691.7378069241554,2011.601490678983,2013.2207644463767,1352.0506187215994,1634.9999999799998,24566.609209831935,24874.301748434136,25179.087510657504,159.77004157967792,305.3531379736467,0.3837809187279152,233.14032906642396,627.7363060098996,310.87290382203844,mean_domain_loss
X-n284-k15,283,grocery,ortools:robust_mean_2std_scaled_or_tools,robust_mean_2std_scaled_or_tools,ortools,True,True,True,15,23628.0,5.007951021194458,1.4835093021392822,6.49146032333374,1626.8249999999998,0.9949999999999999,pulp_cbc,mean_domain_loss,423.755407431865,,180,60,True,1690.7465941899184,1691.7378069241554,2011.601490678983,2013.2207644463767,591.0313266219346,1635.00000142,24051.755407431872,24297.30083614186,24537.176923600346,159.46755725611897,305.8250882063436,0.3946996466431095,232.83784618286495,423.755407431865,0.0,mean_domain_loss
