Instance,Domain,Candidate,Routing Provider,Route Plan,Customers,Fast LP Scenario Limit,Full Planning Scenarios,Fast Score Metric,Fast Score Value,Fast Stockout,Fast Mean Total Cost,Fast Route Cost,Confirm Feasible,Confirm Runtime Sec,Full Objective Value Train,Full Stockout,Full Mean Total Cost,Stockout Relative Drift,Mean Total Cost Relative Drift,Stockout Drift Safe,Mean Total Cost Drift Safe,Metric Stability Safe,Reason,Winner Rank Metric
X-n106-k14,atm,ortools:nominal_seed101_or_tools,ortools,nominal_seed101_or_tools,105,60,180,mean_domain_loss,2748.2930429128896,0.3797142857142857,30173.293042912894,27425.0,True,3.718640089035034,6438.373768206271,0.4000952380952381,30115.92771354675,0.050940252320876,0.0019048169431068,False,True,False,,mean_domain_loss_with_stockout_drift_tiebreaker
X-n106-k14,cargo,ortools:nominal_seed101_or_tools,ortools,nominal_seed101_or_tools,105,60,180,mean_domain_loss,2059.8620187528672,0.3771428571428571,29484.862018752865,27425.0,True,3.903657913208008,5798.084749052122,0.3988571428571428,29405.81817936774,0.0544412607449857,0.0026880340109218,False,True,False,,mean_domain_loss_with_stockout_drift_tiebreaker
X-n106-k14,cold_chain,ortools:nominal_seed101_or_tools,ortools,nominal_seed101_or_tools,105,60,180,mean_domain_loss,2788.622184976932,0.3755238095238095,31734.38763257724,27425.0,True,3.372844934463501,7016.426782857351,0.3977142857142857,31542.37910219984,0.0557950191570881,0.0060873192144218,False,True,False,,mean_domain_loss_with_stockout_drift_tiebreaker
X-n106-k14,grocery,ortools:nominal_seed101_or_tools,ortools,nominal_seed101_or_tools,105,60,180,mean_domain_loss,1890.1919422785213,0.3783809523809524,29315.19194227852,27425.0,True,2.9907233715057373,3145.0143193673507,0.4004761904761905,29146.597435269417,0.0551724137931034,0.0057843632480096,False,True,False,,mean_domain_loss_with_stockout_drift_tiebreaker
X-n110-k13,atm,ortools:proxy_mean_scaled_or_tools,ortools,proxy_mean_scaled_or_tools,109,60,180,mean_domain_loss,364.1820445717232,0.4193577981651376,16803.182044571724,16439.0,True,4.090824604034424,718.5532292001506,0.4156880733944954,16789.277800694457,0.008828073273008,0.0008281621188429,True,True,True,,mean_domain_loss_with_stockout_drift_tiebreaker
X-n110-k13,cargo,ortools:proxy_mean_scaled_or_tools,ortools,proxy_mean_scaled_or_tools,109,60,180,mean_domain_loss,274.38095278114463,0.4241284403669725,16713.380952781143,16439.0,True,4.471123456954956,643.5175470953413,0.4166055045871559,16699.74882420295,0.0180576965426118,0.0008163074020871,True,True,True,,mean_domain_loss_with_stockout_drift_tiebreaker
X-n110-k13,cold_chain,ortools:proxy_mean_scaled_or_tools,ortools,proxy_mean_scaled_or_tools,109,60,180,mean_domain_loss,340.68849751542524,0.4180733944954128,16941.109704982275,16439.0,True,4.16329288482666,766.2551920633643,0.411651376146789,16926.978442703945,0.0156006240249609,0.0008348366677586,True,True,True,,mean_domain_loss_with_stockout_drift_tiebreaker
X-n110-k13,grocery,ortools:proxy_mean_scaled_or_tools,ortools,proxy_mean_scaled_or_tools,109,60,180,mean_domain_loss,234.9093451197681,0.4166055045871559,16673.90934511977,16439.0,True,2.9562156200408936,346.05446104839314,0.4144954128440367,16660.3969791652,0.0050907481186364,0.0008110470579702,True,True,True,,mean_domain_loss_with_stockout_drift_tiebreaker
X-n115-k10,atm,ortools:nominal_seed101_or_tools,ortools,nominal_seed101_or_tools,114,60,180,mean_domain_loss,777.6402806709661,0.3783333333333333,14070.640280670968,13293.0,True,3.458765745162964,1338.158689330726,0.4001754385964912,14007.893873183955,0.0545813239807103,0.0044793605701947,False,True,False,,mean_domain_loss_with_stockout_drift_tiebreaker
X-n115-k10,cargo,ortools:nominal_seed101_or_tools,ortools,nominal_seed101_or_tools,114,60,180,mean_domain_loss,582.5397757824704,0.3854385964912281,13875.539775782468,13293.0,True,3.753910541534424,1194.3085289969624,0.4041228070175439,13812.576456268092,0.0462339917516822,0.0045584051399623,True,True,True,,mean_domain_loss_with_stockout_drift_tiebreaker
X-n115-k10,cold_chain,ortools:nominal_seed101_or_tools,ortools,nominal_seed101_or_tools,114,60,180,mean_domain_loss,776.700882791405,0.3597368421052631,14367.127331402244,13293.0,True,3.0641636848449707,1537.2206330099068,0.3766666666666666,14324.501173365365,0.044946436888682,0.0029757516524301,True,True,True,,mean_domain_loss_with_stockout_drift_tiebreaker
X-n115-k10,grocery,ortools:nominal_seed101_or_tools,ortools,nominal_seed101_or_tools,114,60,180,mean_domain_loss,522.2532530989699,0.3707894736842105,13815.253253098974,13293.0,True,3.135089159011841,675.3621386794968,0.3935964912280701,13752.846215776392,0.0579451749498551,0.0045377543196107,False,True,False,,mean_domain_loss_with_stockout_drift_tiebreaker
X-n120-k6,atm,ortools:nominal_seed101_or_tools,ortools,nominal_seed101_or_tools,119,60,180,mean_domain_loss,50.18015681760088,0.4307563025210084,14454.1801568176,14404.0,True,5.988962888717651,102.41719957800288,0.43,14370.732985902843,0.0017588430721125,0.0058067442347313,True,True,True,,mean_domain_loss_with_stockout_drift_tiebreaker
X-n120-k6,cargo,ortools:nominal_seed101_or_tools,ortools,nominal_seed101_or_tools,119,60,180,mean_domain_loss,38.39383626884781,0.4349579831932773,14442.393836268846,14404.0,True,6.433862447738648,92.58756920188316,0.4354621848739495,14359.002190418252,0.0011578541103821,0.0058076212221933,True,True,True,,mean_domain_loss_with_stockout_drift_tiebreaker
X-n120-k6,cold_chain,ortools:nominal_seed101_or_tools,ortools,nominal_seed101_or_tools,119,60,180,mean_domain_loss,46.84196804803088,0.4350420168067226,14473.023733007642,14404.0,True,6.640719890594482,108.73138326906064,0.4347058823529411,14389.599469756951,0.0007732456988206,0.0057975389395671,True,True,True,,mean_domain_loss_with_stockout_drift_tiebreaker
X-n120-k6,grocery,ortools:quantile_p75_scaled_seed107_or_tools,ortools,quantile_p75_scaled_seed107_or_tools,119,60,180,mean_domain_loss,32.58657903389567,0.4305042016806722,14143.586579033896,14111.0,True,6.387758493423462,49.93160294378735,0.4296638655462185,13955.391444761472,0.0019557989438684,0.0134854787138963,True,True,True,,mean_domain_loss_with_stockout_drift_tiebreaker
X-n129-k18,atm,ortools:robust_mean_1std_scaled_seed113_or_tools,ortools,robust_mean_1std_scaled_seed113_or_tools,128,60,180,mean_domain_loss,299.72499004697625,0.415078125,34098.724990046976,33799.0,True,4.114232063293457,557.7290762135823,0.41515625,33690.4074663468,0.0001881821603311,0.0121196968041435,True,True,True,,mean_domain_loss_with_stockout_drift_tiebreaker
X-n129-k18,cargo,ortools:robust_mean_1std_scaled_seed113_or_tools,ortools,robust_mean_1std_scaled_seed113_or_tools,128,60,180,mean_domain_loss,223.0036069511017,0.403828125,34022.0036069511,33799.0,True,4.524738550186157,500.73390038293405,0.40390625,33613.15901585695,0.000193423597679,0.0121632302069934,True,True,True,,mean_domain_loss_with_stockout_drift_tiebreaker
X-n129-k18,cold_chain,ortools:robust_mean_1std_scaled_seed113_or_tools,ortools,robust_mean_1std_scaled_seed113_or_tools,128,60,180,mean_domain_loss,284.21520884216176,0.40828125,34212.64319152196,33799.0,True,4.597422361373901,623.1988149964726,0.404921875,33810.093498030605,0.0082963534632452,0.0119061987661998,True,True,True,,mean_domain_loss_with_stockout_drift_tiebreaker
X-n129-k18,grocery,ortools:robust_mean_1std_scaled_seed113_or_tools,ortools,robust_mean_1std_scaled_seed113_or_tools,128,60,180,mean_domain_loss,194.5715418976228,0.415625,33993.57154189762,33799.0,True,3.148554801940918,269.1434255216639,0.414140625,33585.731530925965,0.003584229390681,0.0121432522795018,True,True,True,,mean_domain_loss_with_stockout_drift_tiebreaker
X-n134-k13,atm,ortools:robust_mean_1std_scaled_or_tools,ortools,robust_mean_1std_scaled_or_tools,133,60,180,mean_domain_loss,3794.837714984225,0.4625563909774436,18303.837714984227,14509.0,True,3.1484241485595703,7963.819238294648,0.459172932330827,17400.01747421906,0.0073685934173898,0.0519436398327945,True,False,False,,mean_domain_loss_with_stockout_drift_tiebreaker
X-n134-k13,cargo,ortools:robust_mean_1std_scaled_or_tools,ortools,robust_mean_1std_scaled_or_tools,133,60,180,mean_domain_loss,2784.7555908310296,0.4478947368421053,17293.755590831028,14509.0,True,3.5854077339172363,7012.214860787507,0.4457894736842105,16400.7017840805,0.0047225501770957,0.0544521703100156,True,False,False,,mean_domain_loss_with_stockout_drift_tiebreaker
X-n134-k13,cold_chain,ortools:nominal_seed103_or_tools,ortools,nominal_seed103_or_tools,133,60,180,mean_domain_loss,3398.958759718684,0.4563157894736842,16959.807652413565,12210.0,True,3.2876665592193604,7996.099710827253,0.4517293233082707,16894.20322777397,0.0101531291611183,0.0038832505892755,True,True,True,,mean_domain_loss_with_stockout_drift_tiebreaker
X-n134-k13,grocery,ortools:nominal_seed103_or_tools,ortools,nominal_seed103_or_tools,133,60,180,mean_domain_loss,2369.921520178373,0.4583458646616541,14579.921520178374,12210.0,True,2.9461591243743896,3707.090401156531,0.4570676691729323,14480.941329075538,0.0027965125843065,0.0068352042076227,True,True,True,,mean_domain_loss_with_stockout_drift_tiebreaker
X-n139-k10,atm,ortools:proxy_mean_scaled_seed109_or_tools,ortools,proxy_mean_scaled_seed109_or_tools,138,60,180,mean_domain_loss,427.4948558806679,0.4182608695652174,16423.49485588067,15996.0,True,6.044466018676758,871.3107972797561,0.4152898550724637,15582.301378915989,0.0071540743325773,0.0539839049771479,True,False,False,,mean_domain_loss_with_stockout_drift_tiebreaker
X-n139-k10,cargo,ortools:proxy_mean_scaled_seed109_or_tools,ortools,proxy_mean_scaled_seed109_or_tools,138,60,180,mean_domain_loss,320.9994606549765,0.417391304347826,16316.99946065498,15996.0,True,6.91595458984375,773.083465755823,0.4127536231884058,15477.545069353517,0.0112359550561795,0.0542369211357449,True,False,False,,mean_domain_loss_with_stockout_drift_tiebreaker
X-n139-k10,cold_chain,ortools:proxy_mean_scaled_seed109_or_tools,ortools,proxy_mean_scaled_seed109_or_tools,138,60,180,mean_domain_loss,399.6249669131768,0.4138405797101449,16593.194023154,15996.0,True,5.312331676483154,919.8484326000118,0.4102173913043478,15748.020413565218,0.0088323617735381,0.0536685619775267,True,False,False,,mean_domain_loss_with_stockout_drift_tiebreaker
X-n139-k10,grocery,ortools:proxy_mean_scaled_seed109_or_tools,ortools,proxy_mean_scaled_seed109_or_tools,138,60,180,mean_domain_loss,276.55208978727006,0.4168115942028985,16272.552089787268,15996.0,True,5.010882616043091,422.4224394851968,0.4141304347826087,15431.96989565032,0.006474190726159,0.0544701810475846,True,False,False,,mean_domain_loss_with_stockout_drift_tiebreaker
X-n143-k7,atm,ortools:robust_mean_1std_scaled_seed113_or_tools,ortools,robust_mean_1std_scaled_seed113_or_tools,142,60,180,mean_domain_loss,2513.004494284095,0.3122535211267606,20963.00449428409,18450.0,True,4.845263481140137,5328.545754407793,0.312112676056338,20884.45660999018,0.0004512635379062,0.0037610690936693,True,True,True,,mean_domain_loss_with_stockout_drift_tiebreaker
X-n143-k7,cargo,ortools:robust_mean_2std_scaled_or_tools,ortools,robust_mean_2std_scaled_or_tools,142,60,180,mean_domain_loss,1860.0157601428707,0.3117605633802817,20766.01576014287,18906.0,True,5.059738397598267,4727.050748580354,0.311056338028169,20515.492198894368,0.0022639800769753,0.0122114331364666,True,True,True,,mean_domain_loss_with_stockout_drift_tiebreaker
X-n143-k7,cold_chain,ortools:quantile_p75_scaled_seed107_or_tools,ortools,quantile_p75_scaled_seed107_or_tools,142,60,180,mean_domain_loss,2819.240662672717,0.3021830985915493,22514.38479389213,18166.0,True,5.169783115386963,6384.973589959413,0.3033098591549296,22498.76437149912,0.0037148827490132,0.0006942791228481,True,True,True,,mean_domain_loss_with_stockout_drift_tiebreaker
X-n143-k7,grocery,ortools:proxy_mean_scaled_or_tools,ortools,proxy_mean_scaled_or_tools,142,60,180,mean_domain_loss,1847.791906050905,0.3085211267605633,20594.79190605091,18747.0,True,4.472562313079834,2719.6511309226826,0.3092957746478873,20541.41779494112,0.0025045537340621,0.0025983654897926,True,True,True,,mean_domain_loss_with_stockout_drift_tiebreaker
X-n162-k11,atm,ortools:nominal_or_tools,ortools,nominal_or_tools,161,60,180,mean_domain_loss,4815.576575626586,0.4003726708074534,19614.576575626583,14799.0,True,6.11689567565918,11871.012430732248,0.3952173913043478,19418.35075350585,0.0130441615590129,0.0101051744616006,True,True,True,,mean_domain_loss_with_stockout_drift_tiebreaker
X-n162-k11,cargo,ortools:nominal_or_tools,ortools,nominal_or_tools,161,60,180,mean_domain_loss,3661.7074902174654,0.4085093167701863,18460.707490217468,14799.0,True,7.290406227111816,10767.284266089311,0.4028571428571428,18268.261638694494,0.0140302189330865,0.010534437010435,True,True,True,,mean_domain_loss_with_stockout_drift_tiebreaker
X-n162-k11,cold_chain,ortools:nominal_or_tools,ortools,nominal_or_tools,161,60,180,mean_domain_loss,4726.172248459723,0.3942857142857143,21918.51662920893,14799.0,True,6.010054588317871,12302.646101905724,0.3896894409937888,21711.56956811115,0.011794708320051,0.0095316490338744,True,True,True,,mean_domain_loss_with_stockout_drift_tiebreaker
X-n162-k11,grocery,ortools:nominal_or_tools,ortools,nominal_or_tools,161,60,180,mean_domain_loss,3213.922116205976,0.3975776397515528,18012.922116205977,14799.0,True,5.457880973815918,5596.760676503945,0.3926708074534161,17840.806735765636,0.012496045555204,0.0096472868626113,True,True,True,,mean_domain_loss_with_stockout_drift_tiebreaker
X-n167-k10,atm,ortools:robust_mean_1std_scaled_seed113_or_tools,ortools,robust_mean_1std_scaled_seed113_or_tools,166,60,180,mean_domain_loss,443.57169432582623,0.3768072289156626,23001.571694325827,22558.0,True,7.487889766693115,829.6900981170401,0.3770481927710843,22998.035946183325,0.0006390797251957,0.0001537413086393,True,True,True,,mean_domain_loss_with_stockout_drift_tiebreaker
X-n167-k10,cargo,ortools:robust_mean_1std_scaled_seed113_or_tools,ortools,robust_mean_1std_scaled_seed113_or_tools,166,60,180,mean_domain_loss,333.1214998580355,0.3760843373493976,22891.12149985804,22558.0,True,8.338058948516846,743.1368373989146,0.3753012048192771,22887.81569459823,0.0020866773675763,0.0001444351572872,True,True,True,,mean_domain_loss_with_stockout_drift_tiebreaker
X-n167-k10,cold_chain,ortools:robust_mean_1std_scaled_seed113_or_tools,ortools,robust_mean_1std_scaled_seed113_or_tools,166,60,180,mean_domain_loss,448.8709779242532,0.3717469879518072,23249.55101040475,22558.0,True,7.87442946434021,986.8034417443452,0.370722891566265,23247.09557417613,0.0027624309392265,0.0001056233550027,True,True,True,,mean_domain_loss_with_stockout_drift_tiebreaker
X-n167-k10,grocery,ortools:robust_mean_1std_scaled_seed113_or_tools,ortools,robust_mean_1std_scaled_seed113_or_tools,166,60,180,mean_domain_loss,303.30028328423714,0.3751204819277108,22861.300283284243,22558.0,True,7.763702154159546,417.19822018507045,0.3748192771084337,22859.49486180876,0.0008036001285759,7.897906259079556e-05,True,True,True,,mean_domain_loss_with_stockout_drift_tiebreaker
X-n181-k23,atm,ortools:quantile_p75_scaled_seed107_or_tools,ortools,quantile_p75_scaled_seed107_or_tools,180,60,180,mean_domain_loss,75.5893669804617,0.4266111111111111,26330.589366980465,26255.0,True,9.479619979858398,150.3459973345204,0.4283333333333333,26329.88725901536,0.0040207522697795,2.666581737306089e-05,True,True,True,,mean_domain_loss_with_stockout_drift_tiebreaker
X-n181-k23,cargo,ortools:quantile_p75_scaled_seed107_or_tools,ortools,quantile_p75_scaled_seed107_or_tools,180,60,180,mean_domain_loss,57.482577926018486,0.4287222222222222,26312.482577926017,26255.0,True,9.21590256690979,136.20160621288034,0.4275555555555556,26311.85973155118,0.0027286902286901,2.367169714312007e-05,True,True,True,,mean_domain_loss_with_stockout_drift_tiebreaker
X-n181-k23,cold_chain,ortools:quantile_p75_scaled_seed107_or_tools,ortools,quantile_p75_scaled_seed107_or_tools,180,60,180,mean_domain_loss,69.40891443041494,0.4261111111111111,26357.49487708177,26255.0,True,5.637242078781128,158.67841478965804,0.425,26356.81729659445,0.0026143790849673,2.5707978307582103e-05,True,True,True,,mean_domain_loss_with_stockout_drift_tiebreaker
X-n181-k23,grocery,ortools:quantile_p75_scaled_seed107_or_tools,ortools,quantile_p75_scaled_seed107_or_tools,180,60,180,mean_domain_loss,48.367021214852095,0.4263888888888889,26303.367021214854,26255.0,True,5.975986003875732,71.59665764905188,0.428,26302.950463067114,0.0037642782969885,1.5836936176571827e-05,True,True,True,,mean_domain_loss_with_stockout_drift_tiebreaker
X-n186-k15,atm,ortools:nominal_seed103_or_tools,ortools,nominal_seed103_or_tools,185,60,180,mean_domain_loss,5778.326281704928,0.3857297297297297,32244.326281704925,26466.0,True,9.796679735183716,11220.318263983769,0.3845945945945946,32188.506404115848,0.0029515108924805,0.0017341555674649,True,True,True,,mean_domain_loss_with_stockout_drift_tiebreaker
X-n186-k15,cargo,ortools:nominal_seed103_or_tools,ortools,nominal_seed103_or_tools,185,60,180,mean_domain_loss,4391.589358851886,0.3843243243243243,30857.58935885188,26466.0,True,10.944101572036743,10125.168559864334,0.3835135135135135,30811.396091026323,0.0021141649048624,0.0014992267045962,True,True,True,,mean_domain_loss_with_stockout_drift_tiebreaker
X-n186-k15,cold_chain,ortools:nominal_seed103_or_tools,ortools,nominal_seed103_or_tools,185,60,180,mean_domain_loss,5618.8257514309325,0.3831891891891892,34772.917499021045,26466.0,True,7.459343433380127,12308.188782879652,0.3812432432432432,34709.047906911255,0.0051042109740535,0.0018401424401235,True,True,True,,mean_domain_loss_with_stockout_drift_tiebreaker
X-n186-k15,grocery,ortools:nominal_seed103_or_tools,ortools,nominal_seed103_or_tools,185,60,180,mean_domain_loss,3839.994739193153,0.3848108108108108,30305.99473919316,26466.0,True,6.96979546546936,5483.6250989991,0.3839459459459459,30264.0358854716,0.0022525693368999,0.0013864262479844,True,True,True,,mean_domain_loss_with_stockout_drift_tiebreaker
X-n190-k8,atm,ortools:robust_mean_1std_scaled_or_tools,ortools,robust_mean_1std_scaled_or_tools,189,60,180,mean_domain_loss,486.7975107867703,0.4202645502645503,18833.79751078677,18347.0,True,8.21511197090149,911.7629599174396,0.4182539682539682,18818.397864042498,0.0048070841239721,0.0008183293208875,True,True,True,,mean_domain_loss_with_stockout_drift_tiebreaker
X-n190-k8,cargo,ortools:robust_mean_1std_scaled_or_tools,ortools,robust_mean_1std_scaled_or_tools,189,60,180,mean_domain_loss,366.3573426887777,0.4159259259259259,18713.35734268878,18347.0,True,9.213689088821411,818.8852632247747,0.4125396825396825,18698.49526303561,0.008208285237912,0.0007948275753799,True,True,True,,mean_domain_loss_with_stockout_drift_tiebreaker
X-n190-k8,cold_chain,ortools:robust_mean_1std_scaled_or_tools,ortools,robust_mean_1std_scaled_or_tools,189,60,180,mean_domain_loss,461.1411929323377,0.4113756613756614,19023.38724823743,18347.0,True,7.52975583076477,998.4736127506254,0.4098941798941798,19006.8604838346,0.0036143023105719,0.000869515742323,True,True,True,,mean_domain_loss_with_stockout_drift_tiebreaker
X-n190-k8,grocery,ortools:robust_mean_1std_scaled_or_tools,ortools,robust_mean_1std_scaled_or_tools,189,60,180,mean_domain_loss,316.5356045261514,0.4185185185185185,18663.53560452615,18347.0,True,6.353872060775757,440.7604343157368,0.4169841269841269,18648.78815426421,0.0036797360741023,0.0007907993881397,True,True,True,,mean_domain_loss_with_stockout_drift_tiebreaker
X-n204-k19,atm,ortools:nominal_or_tools,ortools,nominal_or_tools,203,60,180,mean_domain_loss,6616.685628818983,0.4197536945812808,27937.685628818977,21321.0,True,9.452009439468384,11535.237783213106,0.4198029556650246,27795.07556567061,0.0001173433466321,0.0051307672400972,True,True,True,,mean_domain_loss_with_stockout_drift_tiebreaker
X-n204-k19,cargo,ortools:nominal_seed101_or_tools,ortools,nominal_seed101_or_tools,203,60,180,mean_domain_loss,5015.905329061885,0.4217733990147783,26465.90532906189,21450.0,True,9.811187505722046,10321.55672000867,0.4199507389162561,26314.47680678751,0.004340175953079,0.0057545708921456,True,True,True,,mean_domain_loss_with_stockout_drift_tiebreaker
X-n204-k19,cold_chain,ortools:nominal_seed101_or_tools,ortools,nominal_seed101_or_tools,203,60,180,mean_domain_loss,6188.924602666771,0.4175369458128078,30566.24581081176,21450.0,True,6.365842580795288,12884.452194897483,0.4166995073891625,30447.74624876483,0.0020096938172359,0.0038918992912895,True,True,True,,mean_domain_loss_with_stockout_drift_tiebreaker
X-n204-k19,grocery,ortools:nominal_or_tools,ortools,nominal_or_tools,203,60,180,mean_domain_loss,4265.756337547114,0.4192118226600985,25586.75633754711,21321.0,True,6.432154417037964,5690.18532004839,0.42,25455.28743519696,0.0018766127140511,0.005164699188129,True,True,True,,mean_domain_loss_with_stockout_drift_tiebreaker
X-n209-k16,atm,ortools:quantile_p75_scaled_or_tools,ortools,quantile_p75_scaled_or_tools,208,60,180,mean_domain_loss,637.8894045413869,0.4148076923076923,33614.88940454138,32977.0,True,8.050026178359985,1335.2544397340046,0.4117307692307692,33549.292222653006,0.0074731433909388,0.0019552478619529,True,True,True,,mean_domain_loss_with_stockout_drift_tiebreaker
X-n209-k16,cargo,ortools:quantile_p75_scaled_or_tools,ortools,quantile_p75_scaled_or_tools,208,60,180,mean_domain_loss,482.5122508752145,0.4133173076923077,33459.51225087522,32977.0,True,9.668493509292604,1203.169745276262,0.4092307692307692,33393.92132736571,0.009985902255639,0.0019641575742636,True,True,True,,mean_domain_loss_with_stockout_drift_tiebreaker
X-n209-k16,cold_chain,ortools:quantile_p75_scaled_or_tools,ortools,quantile_p75_scaled_or_tools,208,60,180,mean_domain_loss,605.6372658704969,0.4105288461538461,33880.4868771417,32977.0,True,7.005406856536865,1424.287522378669,0.4063461538461538,33815.43724540563,0.0102934216753429,0.0019236667343377,True,True,True,,mean_domain_loss_with_stockout_drift_tiebreaker
X-n209-k16,grocery,ortools:quantile_p75_scaled_or_tools,ortools,quantile_p75_scaled_or_tools,208,60,180,mean_domain_loss,417.0369199489994,0.4125961538461538,33394.036919949,32977.0,True,6.270878553390503,639.1696452085224,0.4099038461538462,33330.50432409414,0.0065681444991787,0.0019061396502463,True,True,True,,mean_domain_loss_with_stockout_drift_tiebreaker
X-n223-k34,atm,ortools:robust_mean_1std_scaled_or_tools,ortools,robust_mean_1std_scaled_or_tools,222,60,180,mean_domain_loss,605.468509961756,0.4545045045045045,48238.46850996176,47633.0,True,10.197958946228027,1182.9023962945057,0.4499549549549549,48235.403730295,0.0101111222344579,6.353797065544503e-05,True,True,True,,mean_domain_loss_with_stockout_drift_tiebreaker
X-n223-k34,cargo,ortools:robust_mean_1std_scaled_or_tools,ortools,robust_mean_1std_scaled_or_tools,222,60,180,mean_domain_loss,453.2221092278894,0.4399549549549549,48086.2221092279,47633.0,True,10.682899951934814,1051.5999086390163,0.4402702702702702,48083.921808148014,0.0007161857990588,4.783929832229054e-05,True,True,True,,mean_domain_loss_with_stockout_drift_tiebreaker
X-n223-k34,cold_chain,ortools:robust_mean_1std_scaled_or_tools,ortools,robust_mean_1std_scaled_or_tools,222,60,180,mean_domain_loss,550.1291828704235,0.4450900900900901,48424.999761371975,47633.0,True,7.161093711853027,1229.7384265111532,0.4422522522522522,48422.39870864621,0.0064167854960277,5.371589997880918e-05,True,True,True,,mean_domain_loss_with_stockout_drift_tiebreaker
X-n223-k34,grocery,ortools:quantile_p75_scaled_seed107_or_tools,ortools,quantile_p75_scaled_seed107_or_tools,222,60,180,mean_domain_loss,381.3521717711161,0.4559459459459459,44498.35217177113,44117.0,True,5.601850271224976,561.9608370569093,0.4523873873873874,44496.46339621328,0.0078661754455839,4.244776806257033e-05,True,True,True,,mean_domain_loss_with_stockout_drift_tiebreaker
X-n228-k23,atm,ortools:nominal_or_tools,ortools,nominal_or_tools,227,60,180,mean_domain_loss,1932.4947434032856,0.4643612334801762,32281.49474340328,30349.0,True,10.09265947341919,3620.825939580155,0.457885462555066,32270.92415974157,0.0141427746776987,0.0003275575130535,True,True,True,,mean_domain_loss_with_stockout_drift_tiebreaker
X-n228-k23,cargo,ortools:nominal_or_tools,ortools,nominal_or_tools,227,60,180,mean_domain_loss,1452.531931596886,0.4522026431718061,31801.53193159689,30349.0,True,10.610132932662964,3213.484901359966,0.446431718061674,31791.089593210785,0.0129267811328199,0.0003284674580117,True,True,True,,mean_domain_loss_with_stockout_drift_tiebreaker
X-n228-k23,cold_chain,ortools:proxy_mean_scaled_or_tools,ortools,proxy_mean_scaled_or_tools,227,60,180,mean_domain_loss,1750.4527513020262,0.4716299559471366,35703.7865983556,33383.0,True,10.130215644836426,3623.699876836112,0.4592070484581498,35690.357848629246,0.0270529547198771,0.000376257077144,True,True,True,,mean_domain_loss_with_stockout_drift_tiebreaker
X-n228-k23,grocery,ortools:nominal_or_tools,ortools,nominal_or_tools,227,60,180,mean_domain_loss,1209.510749296349,0.4573568281938326,31558.51074929635,30349.0,True,8.336216449737549,1743.8090692472567,0.4543171806167401,31552.749964325645,0.0066905846989237,0.0001825763198839,True,True,True,,mean_domain_loss_with_stockout_drift_tiebreaker
X-n237-k14,atm,ortools:nominal_or_tools,ortools,nominal_or_tools,236,60,180,mean_domain_loss,106.92074236707346,0.4710169491525424,29115.92074236708,29009.0,True,11.482840061187744,230.4215781722622,0.4722033898305084,29115.077012326357,0.0025125628140703,2.897914507891677e-05,True,True,True,,mean_domain_loss_with_stockout_drift_tiebreaker
X-n237-k14,cargo,ortools:robust_mean_1std_scaled_seed113_or_tools,ortools,robust_mean_1std_scaled_seed113_or_tools,236,60,180,mean_domain_loss,81.11355843149062,0.4732627118644067,28974.113558431487,28893.0,True,12.368421792984009,210.18926035369287,0.473135593220339,28973.42643290662,0.0002686727565823,2.3715715034854445e-05,True,True,True,,mean_domain_loss_with_stockout_drift_tiebreaker
X-n237-k14,cold_chain,ortools:nominal_seed103_or_tools,ortools,nominal_seed103_or_tools,236,60,180,mean_domain_loss,94.18301415629736,0.4688983050847458,28656.143926822104,28519.0,True,10.902711153030396,231.70410223806485,0.4692796610169492,28655.462422727927,0.0008126410835214,2.3782693998194135e-05,True,True,True,,mean_domain_loss_with_stockout_drift_tiebreaker
X-n237-k14,grocery,ortools:nominal_seed103_or_tools,ortools,nominal_seed103_or_tools,236,60,180,mean_domain_loss,66.3803768494011,0.4702966101694915,28585.380376849404,28519.0,True,11.007099151611328,106.34890864798476,0.4703389830508475,28584.893735341,9.00900900902362e-05,1.7024429508561948e-05,True,True,True,,mean_domain_loss_with_stockout_drift_tiebreaker
X-n242-k48,atm,ortools:quantile_p75_scaled_or_tools,ortools,quantile_p75_scaled_or_tools,241,60,180,mean_domain_loss,687.2225261076482,0.4731120331950207,92490.22252610764,91803.0,True,5.795928716659546,1240.4668895537911,0.4678008298755187,92152.92446045676,0.0113535568564838,0.0036601992571121,True,True,True,,mean_domain_loss_with_stockout_drift_tiebreaker
X-n242-k48,cargo,ortools:quantile_p75_scaled_or_tools,ortools,quantile_p75_scaled_or_tools,241,60,180,mean_domain_loss,517.0942082228623,0.4636514522821576,92320.09420822289,91803.0,True,6.406408786773682,1096.281471524571,0.4583817427385892,91983.61050984725,0.0114963338462929,0.0036580831792815,True,True,True,,mean_domain_loss_with_stockout_drift_tiebreaker
X-n242-k48,cold_chain,ortools:quantile_p75_scaled_or_tools,ortools,quantile_p75_scaled_or_tools,241,60,180,mean_domain_loss,611.4763156729633,0.4672199170124481,92675.54641683109,91803.0,True,6.417816400527954,1296.6265704190423,0.4612863070539419,92341.00861564033,0.0128631825132678,0.0036228519290192,True,True,True,,mean_domain_loss_with_stockout_drift_tiebreaker
X-n242-k48,grocery,ortools:quantile_p75_scaled_seed107_or_tools,ortools,quantile_p75_scaled_seed107_or_tools,241,60,180,mean_domain_loss,427.0478571551005,0.471701244813278,90191.04785715508,89764.0,True,5.55776834487915,596.8713196228742,0.4677178423236514,90188.86768441656,0.0085166784953868,2.417341291123164e-05,True,True,True,,mean_domain_loss_with_stockout_drift_tiebreaker
X-n251-k28,atm,ortools:nominal_seed103_or_tools,ortools,nominal_seed103_or_tools,250,60,180,mean_domain_loss,822.1565327390407,0.42964,41344.15653273905,40522.0,True,9.124170303344728,1624.6382867928282,0.42964,41338.98707027971,0.0,0.000125050535238,True,True,True,,mean_domain_loss_with_stockout_drift_tiebreaker
X-n251-k28,cargo,ortools:nominal_seed103_or_tools,ortools,nominal_seed103_or_tools,250,60,180,mean_domain_loss,622.3337922050911,0.42608,41144.33379220509,40522.0,True,9.74935007095337,1457.5003252459194,0.4256,41139.05818487121,0.0011278195488722,0.0001282384081369,True,True,True,,mean_domain_loss_with_stockout_drift_tiebreaker
X-n251-k28,cold_chain,ortools:nominal_seed103_or_tools,ortools,nominal_seed103_or_tools,250,60,180,mean_domain_loss,760.0884446383731,0.42488,41638.02320830903,40522.0,True,6.855988502502441,1716.592415859548,0.42432,41632.81113553463,0.0013197586726998,0.0001251914687537,True,True,True,,mean_domain_loss_with_stockout_drift_tiebreaker
X-n251-k28,grocery,ortools:nominal_seed103_or_tools,ortools,nominal_seed103_or_tools,250,60,180,mean_domain_loss,526.2231918762034,0.42864,41048.223191876205,40522.0,True,6.830459117889404,776.4194813183484,0.4284,41045.32808456882,0.0005602240896358,7.053439313285578e-05,True,True,True,,mean_domain_loss_with_stockout_drift_tiebreaker
X-n261-k13,atm,ortools:quantile_p75_scaled_seed107_or_tools,ortools,quantile_p75_scaled_seed107_or_tools,260,60,180,mean_domain_loss,6472.716956622075,0.4312307692307692,37942.71695662207,31470.0,True,11.854532480239868,12221.39676441344,0.4305384615384615,37863.03581314995,0.0016080042880113,0.0021044573357861,True,True,True,,mean_domain_loss_with_stockout_drift_tiebreaker
X-n261-k13,cargo,ortools:robust_mean_2std_scaled_or_tools,ortools,robust_mean_2std_scaled_or_tools,260,60,180,mean_domain_loss,4841.914950434352,0.4326153846153846,36804.91495043435,31963.0,True,13.649869680404665,10930.025485608676,0.429,36751.3699802241,0.0084274699659315,0.0014569516793268,True,True,True,,mean_domain_loss_with_stockout_drift_tiebreaker
X-n261-k13,cold_chain,ortools:robust_mean_1std_scaled_seed113_or_tools,ortools,robust_mean_1std_scaled_seed113_or_tools,260,60,180,mean_domain_loss,6030.384028166283,0.4264230769230769,40847.718889608186,32161.0,True,8.079095602035522,13087.33870963984,0.4232307692307692,40780.362116884695,0.0075427117411849,0.0016516962877973,True,True,True,,mean_domain_loss_with_stockout_drift_tiebreaker
X-n261-k13,grocery,ortools:proxy_mean_scaled_seed109_or_tools,ortools,proxy_mean_scaled_seed109_or_tools,260,60,180,mean_domain_loss,4148.734708802466,0.4267692307692308,34586.73470880247,30438.0,True,8.224360466003418,5871.77299932746,0.4258846153846153,34553.7850921592,0.0020771245371625,0.0009535747402313,True,True,True,,mean_domain_loss_with_stockout_drift_tiebreaker
X-n275-k28,atm,ortools:quantile_p75_scaled_seed107_or_tools,ortools,quantile_p75_scaled_seed107_or_tools,274,60,180,mean_domain_loss,107.69324463157996,0.412992700729927,22533.69324463158,22426.0,True,16.62863779067993,243.6075763716132,0.4136496350364964,22532.995241576325,0.0015881418740074,3.097693172930028e-05,True,True,True,,mean_domain_loss_with_stockout_drift_tiebreaker
X-n275-k28,cargo,ortools:quantile_p75_scaled_seed107_or_tools,ortools,quantile_p75_scaled_seed107_or_tools,274,60,180,mean_domain_loss,82.19201206690957,0.4143065693430657,22508.19201206692,22426.0,True,17.659826040267944,219.68745278301515,0.4138321167883211,22507.57468575037,0.001146485580739,2.7427491640930776e-05,True,True,True,,mean_domain_loss_with_stockout_drift_tiebreaker
X-n275-k28,cold_chain,ortools:quantile_p75_scaled_seed107_or_tools,ortools,quantile_p75_scaled_seed107_or_tools,274,60,180,mean_domain_loss,100.90695576490477,0.4101094890510949,22577.589272891302,22426.0,True,11.380348205566406,251.21900127064532,0.4111313868613138,22576.9671322803,0.0024855747891699,2.7556429849788764e-05,True,True,True,,mean_domain_loss_with_stockout_drift_tiebreaker
X-n275-k28,grocery,ortools:quantile_p75_scaled_seed107_or_tools,ortools,quantile_p75_scaled_seed107_or_tools,274,60,180,mean_domain_loss,69.93864422349382,0.411970802919708,22495.938644223486,22426.0,True,9.929574012756348,115.89209071858104,0.4125547445255474,22495.504633909863,0.0014154281670206,1.9293201939088776e-05,True,True,True,,mean_domain_loss_with_stockout_drift_tiebreaker
X-n280-k17,atm,ortools:proxy_mean_scaled_seed109_or_tools,ortools,proxy_mean_scaled_seed109_or_tools,279,60,180,mean_domain_loss,1803.1873228108896,0.4607168458781362,40365.187322810896,38562.0,True,13.677244663238524,3205.3296569693207,0.4638351254480287,40355.24441549917,0.006722818947531,0.0002463845147202,True,True,True,,mean_domain_loss_with_stockout_drift_tiebreaker
X-n280-k17,cargo,ortools:proxy_mean_scaled_seed109_or_tools,ortools,proxy_mean_scaled_seed109_or_tools,279,60,180,mean_domain_loss,1354.9802332816455,0.46,39916.98023328164,38562.0,True,14.48451328277588,2816.2658382301083,0.4599283154121864,39909.99848773403,0.0001558603491272,0.0001749372541257,True,True,True,,mean_domain_loss_with_stockout_drift_tiebreaker
X-n280-k17,cold_chain,ortools:proxy_mean_scaled_seed109_or_tools,ortools,proxy_mean_scaled_seed109_or_tools,279,60,180,mean_domain_loss,1617.4847616107909,0.4483154121863799,40786.01423765626,38562.0,True,11.268141269683838,3311.735273621276,0.4506093189964157,40776.52584062634,0.0050906776964684,0.0002326926297498,True,True,True,,mean_domain_loss_with_stockout_drift_tiebreaker
X-n280-k17,grocery,ortools:proxy_mean_scaled_or_tools,ortools,proxy_mean_scaled_or_tools,279,60,180,mean_domain_loss,1122.0501178680888,0.4562724014336917,40196.050117868086,39074.0,True,10.929672718048096,1560.1622415299205,0.4554480286738351,40191.32840527796,0.0018100259699377,0.0001174808790222,True,True,True,,mean_domain_loss_with_stockout_drift_tiebreaker
X-n284-k15,atm,ortools:robust_mean_2std_scaled_or_tools,ortools,robust_mean_2std_scaled_or_tools,283,60,180,mean_domain_loss,632.1886490081176,0.3952650176678445,24260.18864900812,23628.0,True,14.32917022705078,1182.6174452715454,0.3891166077738516,24254.454423729527,0.0158009444242643,0.0002364194707666,True,True,True,,mean_domain_loss_with_stockout_drift_tiebreaker
X-n284-k15,cargo,ortools:robust_mean_2std_scaled_or_tools,ortools,robust_mean_2std_scaled_or_tools,283,60,180,mean_domain_loss,471.0380043573678,0.3902826855123675,24099.038004357368,23628.0,True,17.69706678390503,1037.8115772010533,0.3847349823321555,24094.534568509836,0.0144195444526084,0.0001869069450057,True,True,True,,mean_domain_loss_with_stockout_drift_tiebreaker
X-n284-k15,cold_chain,ortools:robust_mean_1std_scaled_or_tools,ortools,robust_mean_1std_scaled_or_tools,283,60,180,mean_domain_loss,627.9291281277341,0.3807067137809187,24088.154335397863,23151.0,True,11.537366390228271,1344.3659703320914,0.3795406360424028,24082.491408001613,0.0030723396331811,0.0002351470742918,True,True,True,,mean_domain_loss_with_stockout_drift_tiebreaker
X-n284-k15,grocery,ortools:robust_mean_1std_scaled_seed113_or_tools,ortools,robust_mean_1std_scaled_seed113_or_tools,283,60,180,mean_domain_loss,423.7985468562469,0.393321554770318,23456.798546856247,23033.0,True,10.89299988746643,591.3254424412746,0.3892226148409894,23453.564299216378,0.0105310939627779,0.0001379000478821,True,True,True,,mean_domain_loss_with_stockout_drift_tiebreaker
