Instance,Customers,Candidate,Route Plan,Routing Provider,Route Feasible,Route Count,Route Cost,Route Runtime Sec,Planned Route Load Total,Planned Route Load Ratio,Reason,lp_planning_scenarios_original,lp_planning_scenarios_used,lp_scenario_reduced,lp_original_total_demand_mean,lp_reduced_total_demand_mean,lp_original_total_demand_p90,lp_reduced_total_demand_p90,Source Chunk
X-n101-k25,100,ortools:nominal_or_tools,nominal_or_tools,ortools,False,0,,5.002944469451904,5147.0,0.9994174757281552,ortools_no_solution,180,60,True,5769.50626812439,5776.840928742447,6914.366579624066,6922.268107077579,0
X-n101-k25,100,ortools:proxy_mean_or_tools,proxy_mean_or_tools,ortools,False,0,,0.0,5769.506268124389,1.1202924792474542,total_load_exceeds_fleet_capacity,180,60,True,5769.50626812439,5776.840928742447,6914.366579624066,6922.268107077579,0
X-n101-k25,100,ortools:quantile_p75_or_tools,quantile_p75_or_tools,ortools,False,0,,0.0,6750.385968524617,1.3107545569950714,total_load_exceeds_fleet_capacity,180,60,True,5769.50626812439,5776.840928742447,6914.366579624066,6922.268107077579,0
X-n101-k25,100,ortools:quantile_p90_or_tools,quantile_p90_or_tools,ortools,False,0,,0.0,8112.254144135277,1.575194979443743,total_load_exceeds_fleet_capacity,180,60,True,5769.50626812439,5776.840928742447,6914.366579624066,6922.268107077579,0
X-n101-k25,100,ortools:robust_mean_1std_or_tools,robust_mean_1std_or_tools,ortools,False,0,,0.0,7577.994553022216,1.4714552530140226,total_load_exceeds_fleet_capacity,180,60,True,5769.50626812439,5776.840928742447,6914.366579624066,6922.268107077579,0
X-n101-k25,100,ortools:robust_mean_2std_or_tools,robust_mean_2std_or_tools,ortools,False,0,,0.0,9386.482837920044,1.8226180267805907,single_node_exceeds_capacity,180,60,True,5769.50626812439,5776.840928742447,6914.366579624066,6922.268107077579,0
X-n101-k25,100,ortools:proxy_mean_scaled_or_tools,proxy_mean_scaled_or_tools,ortools,False,0,,4.999034881591797,5124.250000000001,0.9950000000000002,ortools_no_solution,180,60,True,5769.50626812439,5776.840928742447,6914.366579624066,6922.268107077579,0
X-n101-k25,100,ortools:quantile_p75_scaled_or_tools,quantile_p75_scaled_or_tools,ortools,False,0,,4.998510360717773,5124.25,0.995,ortools_no_solution,180,60,True,5769.50626812439,5776.840928742447,6914.366579624066,6922.268107077579,0
X-n101-k25,100,ortools:quantile_p90_scaled_or_tools,quantile_p90_scaled_or_tools,ortools,False,0,,5.002722978591919,5124.25,0.995,ortools_no_solution,180,60,True,5769.50626812439,5776.840928742447,6914.366579624066,6922.268107077579,0
X-n101-k25,100,ortools:robust_mean_1std_scaled_or_tools,robust_mean_1std_scaled_or_tools,ortools,False,0,,4.998675346374512,5124.250000000001,0.9950000000000002,ortools_no_solution,180,60,True,5769.50626812439,5776.840928742447,6914.366579624066,6922.268107077579,0
X-n101-k25,100,ortools:robust_mean_2std_scaled_or_tools,robust_mean_2std_scaled_or_tools,ortools,False,0,,5.000527620315552,5124.25,0.995,ortools_no_solution,180,60,True,5769.50626812439,5776.840928742447,6914.366579624066,6922.268107077579,0
X-n101-k25,100,ortools:nominal_seed101_or_tools,nominal_seed101_or_tools,ortools,False,0,,4.998028516769409,5147.0,0.9994174757281552,ortools_no_solution,180,60,True,5769.50626812439,5776.840928742447,6914.366579624066,6922.268107077579,0
X-n101-k25,100,ortools:nominal_seed103_or_tools,nominal_seed103_or_tools,ortools,False,0,,4.997815132141113,5147.0,0.9994174757281552,ortools_no_solution,180,60,True,5769.50626812439,5776.840928742447,6914.366579624066,6922.268107077579,0
X-n101-k25,100,ortools:proxy_mean_scaled_seed109_or_tools,proxy_mean_scaled_seed109_or_tools,ortools,False,0,,5.00147557258606,5124.250000000001,0.9950000000000002,ortools_no_solution,180,60,True,5769.50626812439,5776.840928742447,6914.366579624066,6922.268107077579,0
X-n101-k25,100,ortools:quantile_p75_scaled_seed107_or_tools,quantile_p75_scaled_seed107_or_tools,ortools,False,0,,5.000464677810669,5124.25,0.995,ortools_no_solution,180,60,True,5769.50626812439,5776.840928742447,6914.366579624066,6922.268107077579,0
X-n101-k25,100,ortools:robust_mean_1std_scaled_seed113_or_tools,robust_mean_1std_scaled_seed113_or_tools,ortools,False,0,,4.995498895645142,5124.250000000001,0.9950000000000002,ortools_no_solution,180,60,True,5769.50626812439,5776.840928742447,6914.366579624066,6922.268107077579,0
X-n157-k13,156,ortools:nominal_or_tools,nominal_or_tools,ortools,True,13,17404.0,4.998836994171143,156.0,1.0,,180,60,True,171.99406906934314,172.27034686930705,198.0995518853173,198.5245135344457,0
X-n157-k13,156,ortools:proxy_mean_or_tools,proxy_mean_or_tools,ortools,True,13,17404.0,4.997658491134644,171.99406906934314,1.1025260837778406,,180,60,True,171.99406906934314,172.27034686930705,198.0995518853173,198.5245135344457,0
X-n157-k13,156,ortools:quantile_p75_or_tools,quantile_p75_or_tools,ortools,True,13,17404.0,4.996690034866333,198.7324189305988,1.2739257623756333,,180,60,True,171.99406906934314,172.27034686930705,198.0995518853173,198.5245135344457,0
X-n157-k13,156,ortools:quantile_p90_or_tools,quantile_p90_or_tools,ortools,False,0,,0.0,235.21910337265388,1.5078147652093197,total_load_exceeds_fleet_capacity,180,60,True,171.99406906934314,172.27034686930705,198.0995518853173,198.5245135344457,0
X-n157-k13,156,ortools:robust_mean_1std_or_tools,robust_mean_1std_or_tools,ortools,False,0,,0.0,220.81396957678305,1.4154741639537376,total_load_exceeds_fleet_capacity,180,60,True,171.99406906934314,172.27034686930705,198.0995518853173,198.5245135344457,0
X-n157-k13,156,ortools:robust_mean_2std_or_tools,robust_mean_2std_or_tools,ortools,False,0,,0.0,269.63387008422296,1.7284222441296344,total_load_exceeds_fleet_capacity,180,60,True,171.99406906934314,172.27034686930705,198.0995518853173,198.5245135344457,0
X-n157-k13,156,ortools:proxy_mean_scaled_or_tools,proxy_mean_scaled_or_tools,ortools,True,13,17404.0,5.000091552734375,155.22,0.995,,180,60,True,171.99406906934314,172.27034686930705,198.0995518853173,198.5245135344457,0
X-n157-k13,156,ortools:quantile_p75_scaled_or_tools,quantile_p75_scaled_or_tools,ortools,True,13,17404.0,4.999451160430908,155.22000000000003,0.9950000000000002,,180,60,True,171.99406906934314,172.27034686930705,198.0995518853173,198.5245135344457,0
X-n157-k13,156,ortools:quantile_p90_scaled_or_tools,quantile_p90_scaled_or_tools,ortools,True,13,17404.0,5.00397801399231,155.22000000000003,0.9950000000000002,,180,60,True,171.99406906934314,172.27034686930705,198.0995518853173,198.5245135344457,0
X-n157-k13,156,ortools:robust_mean_1std_scaled_or_tools,robust_mean_1std_scaled_or_tools,ortools,True,13,17404.0,5.0026679039001465,155.22,0.995,,180,60,True,171.99406906934314,172.27034686930705,198.0995518853173,198.5245135344457,0
X-n157-k13,156,ortools:robust_mean_2std_scaled_or_tools,robust_mean_2std_scaled_or_tools,ortools,True,13,17404.0,5.000333309173584,155.21999999999997,0.9949999999999998,,180,60,True,171.99406906934314,172.27034686930705,198.0995518853173,198.5245135344457,0
X-n157-k13,156,ortools:nominal_seed101_or_tools,nominal_seed101_or_tools,ortools,True,13,17558.0,5.003969430923462,156.0,1.0,,180,60,True,171.99406906934314,172.27034686930705,198.0995518853173,198.5245135344457,0
X-n157-k13,156,ortools:nominal_seed103_or_tools,nominal_seed103_or_tools,ortools,True,13,17558.0,4.991444826126099,156.0,1.0,,180,60,True,171.99406906934314,172.27034686930705,198.0995518853173,198.5245135344457,0
X-n157-k13,156,ortools:proxy_mean_scaled_seed109_or_tools,proxy_mean_scaled_seed109_or_tools,ortools,True,13,17425.0,4.990844964981079,155.22,0.995,,180,60,True,171.99406906934314,172.27034686930705,198.0995518853173,198.5245135344457,0
X-n157-k13,156,ortools:quantile_p75_scaled_seed107_or_tools,quantile_p75_scaled_seed107_or_tools,ortools,True,13,17279.0,4.993048667907715,155.22000000000003,0.9950000000000002,,180,60,True,171.99406906934314,172.27034686930705,198.0995518853173,198.5245135344457,0
X-n157-k13,156,ortools:robust_mean_1std_scaled_seed113_or_tools,robust_mean_1std_scaled_seed113_or_tools,ortools,True,13,17372.0,5.004371881484985,155.22,0.995,,180,60,True,171.99406906934314,172.27034686930705,198.0995518853173,198.5245135344457,0
X-n200-k36,199,ortools:nominal_or_tools,nominal_or_tools,ortools,False,0,,4.998634099960327,14263.0,0.9855583195135434,ortools_no_solution,180,60,True,15848.29357856642,15876.639846372414,18695.25287890013,18726.536824392137,0
X-n200-k36,199,ortools:proxy_mean_or_tools,proxy_mean_or_tools,ortools,False,0,,0.0,15848.293578566423,1.0951004407522404,total_load_exceeds_fleet_capacity,180,60,True,15848.29357856642,15876.639846372414,18695.25287890013,18726.536824392137,0
X-n200-k36,199,ortools:quantile_p75_or_tools,quantile_p75_or_tools,ortools,False,0,,0.0,18340.142077375946,1.2672845548214446,total_load_exceeds_fleet_capacity,180,60,True,15848.29357856642,15876.639846372414,18695.25287890013,18726.536824392137,0
X-n200-k36,199,ortools:quantile_p90_or_tools,quantile_p90_or_tools,ortools,False,0,,0.0,21946.55868756233,1.516484154751405,total_load_exceeds_fleet_capacity,180,60,True,15848.29357856642,15876.639846372414,18695.25287890013,18726.536824392137,0
X-n200-k36,199,ortools:robust_mean_1std_or_tools,robust_mean_1std_or_tools,ortools,False,0,,0.0,20568.37526650941,1.4212531278682567,total_load_exceeds_fleet_capacity,180,60,True,15848.29357856642,15876.639846372414,18695.25287890013,18726.536824392137,0
X-n200-k36,199,ortools:robust_mean_2std_or_tools,robust_mean_2std_or_tools,ortools,False,0,,0.0,25288.4569544524,1.7474058149842733,total_load_exceeds_fleet_capacity,180,60,True,15848.29357856642,15876.639846372414,18695.25287890013,18726.536824392137,0
X-n200-k36,199,ortools:proxy_mean_scaled_or_tools,proxy_mean_scaled_or_tools,ortools,False,0,,5.005483150482178,14399.64,0.995,ortools_no_solution,180,60,True,15848.29357856642,15876.639846372414,18695.25287890013,18726.536824392137,0
X-n200-k36,199,ortools:quantile_p75_scaled_or_tools,quantile_p75_scaled_or_tools,ortools,False,0,,5.002514600753784,14399.64,0.995,ortools_no_solution,180,60,True,15848.29357856642,15876.639846372414,18695.25287890013,18726.536824392137,0
X-n200-k36,199,ortools:quantile_p90_scaled_or_tools,quantile_p90_scaled_or_tools,ortools,False,0,,5.0033814907073975,14399.639999999998,0.995,ortools_no_solution,180,60,True,15848.29357856642,15876.639846372414,18695.25287890013,18726.536824392137,0
X-n200-k36,199,ortools:robust_mean_1std_scaled_or_tools,robust_mean_1std_scaled_or_tools,ortools,False,0,,5.003699064254761,14399.64,0.995,ortools_no_solution,180,60,True,15848.29357856642,15876.639846372414,18695.25287890013,18726.536824392137,0
X-n200-k36,199,ortools:robust_mean_2std_scaled_or_tools,robust_mean_2std_scaled_or_tools,ortools,False,0,,5.005975008010864,14399.639999999996,0.9949999999999996,ortools_no_solution,180,60,True,15848.29357856642,15876.639846372414,18695.25287890013,18726.536824392137,0
X-n200-k36,199,ortools:nominal_seed101_or_tools,nominal_seed101_or_tools,ortools,False,0,,4.999227046966553,14263.0,0.9855583195135434,ortools_no_solution,180,60,True,15848.29357856642,15876.639846372414,18695.25287890013,18726.536824392137,0
X-n200-k36,199,ortools:nominal_seed103_or_tools,nominal_seed103_or_tools,ortools,False,0,,5.003038644790649,14263.0,0.9855583195135434,ortools_no_solution,180,60,True,15848.29357856642,15876.639846372414,18695.25287890013,18726.536824392137,0
X-n200-k36,199,ortools:proxy_mean_scaled_seed109_or_tools,proxy_mean_scaled_seed109_or_tools,ortools,False,0,,5.007976531982422,14399.64,0.995,ortools_no_solution,180,60,True,15848.29357856642,15876.639846372414,18695.25287890013,18726.536824392137,0
X-n200-k36,199,ortools:quantile_p75_scaled_seed107_or_tools,quantile_p75_scaled_seed107_or_tools,ortools,False,0,,4.998948335647583,14399.64,0.995,ortools_no_solution,180,60,True,15848.29357856642,15876.639846372414,18695.25287890013,18726.536824392137,0
X-n200-k36,199,ortools:robust_mean_1std_scaled_seed113_or_tools,robust_mean_1std_scaled_seed113_or_tools,ortools,False,0,,4.998136043548584,14399.64,0.995,ortools_no_solution,180,60,True,15848.29357856642,15876.639846372414,18695.25287890013,18726.536824392137,0
X-n247-k50,246,ortools:nominal_or_tools,nominal_or_tools,ortools,False,0,,5.011200189590454,6200.0,0.9253731343283582,ortools_no_solution,180,60,True,6790.297053471086,6805.254491454063,7900.713418923839,7905.601073607675,0
X-n247-k50,246,ortools:proxy_mean_or_tools,proxy_mean_or_tools,ortools,False,0,,0.0,6790.297053471086,1.0134771721598634,total_load_exceeds_fleet_capacity,180,60,True,6790.297053471086,6805.254491454063,7900.713418923839,7905.601073607675,0
X-n247-k50,246,ortools:quantile_p75_or_tools,quantile_p75_or_tools,ortools,False,0,,0.0,7970.457574219065,1.189620533465532,total_load_exceeds_fleet_capacity,180,60,True,6790.297053471086,6805.254491454063,7900.713418923839,7905.601073607675,0
X-n247-k50,246,ortools:quantile_p90_or_tools,quantile_p90_or_tools,ortools,False,0,,0.0,9754.4345019994,1.4558857465670747,single_node_exceeds_capacity,180,60,True,6790.297053471086,6805.254491454063,7900.713418923839,7905.601073607675,0
X-n247-k50,246,ortools:robust_mean_1std_or_tools,robust_mean_1std_or_tools,ortools,False,0,,0.0,9051.049511699106,1.3509029121938965,single_node_exceeds_capacity,180,60,True,6790.297053471086,6805.254491454063,7900.713418923839,7905.601073607675,0
X-n247-k50,246,ortools:robust_mean_2std_or_tools,robust_mean_2std_or_tools,ortools,False,0,,0.0,11311.801969927124,1.688328652227929,single_node_exceeds_capacity,180,60,True,6790.297053471086,6805.254491454063,7900.713418923839,7905.601073607675,0
X-n247-k50,246,ortools:proxy_mean_scaled_or_tools,proxy_mean_scaled_or_tools,ortools,False,0,,5.005462646484375,6666.500000000001,0.995,ortools_no_solution,180,60,True,6790.297053471086,6805.254491454063,7900.713418923839,7905.601073607675,0
X-n247-k50,246,ortools:quantile_p75_scaled_or_tools,quantile_p75_scaled_or_tools,ortools,False,0,,5.009793043136597,6666.500000000001,0.995,ortools_no_solution,180,60,True,6790.297053471086,6805.254491454063,7900.713418923839,7905.601073607675,0
X-n247-k50,246,ortools:quantile_p90_scaled_or_tools,quantile_p90_scaled_or_tools,ortools,False,0,,5.001302242279053,6666.499999999999,0.995,ortools_no_solution,180,60,True,6790.297053471086,6805.254491454063,7900.713418923839,7905.601073607675,0
X-n247-k50,246,ortools:robust_mean_1std_scaled_or_tools,robust_mean_1std_scaled_or_tools,ortools,False,0,,5.006844758987427,6666.499999999999,0.995,ortools_no_solution,180,60,True,6790.297053471086,6805.254491454063,7900.713418923839,7905.601073607675,0
X-n247-k50,246,ortools:robust_mean_2std_scaled_or_tools,robust_mean_2std_scaled_or_tools,ortools,False,0,,4.99777626991272,6666.499999999998,0.9949999999999998,ortools_no_solution,180,60,True,6790.297053471086,6805.254491454063,7900.713418923839,7905.601073607675,0
X-n247-k50,246,ortools:nominal_seed101_or_tools,nominal_seed101_or_tools,ortools,False,0,,5.014334678649902,6200.0,0.9253731343283582,ortools_no_solution,180,60,True,6790.297053471086,6805.254491454063,7900.713418923839,7905.601073607675,0
X-n247-k50,246,ortools:nominal_seed103_or_tools,nominal_seed103_or_tools,ortools,False,0,,5.001396656036377,6200.0,0.9253731343283582,ortools_no_solution,180,60,True,6790.297053471086,6805.254491454063,7900.713418923839,7905.601073607675,0
X-n247-k50,246,ortools:proxy_mean_scaled_seed109_or_tools,proxy_mean_scaled_seed109_or_tools,ortools,False,0,,5.014629602432251,6666.500000000001,0.995,ortools_no_solution,180,60,True,6790.297053471086,6805.254491454063,7900.713418923839,7905.601073607675,0
X-n247-k50,246,ortools:quantile_p75_scaled_seed107_or_tools,quantile_p75_scaled_seed107_or_tools,ortools,False,0,,5.003264904022217,6666.500000000001,0.995,ortools_no_solution,180,60,True,6790.297053471086,6805.254491454063,7900.713418923839,7905.601073607675,0
X-n247-k50,246,ortools:robust_mean_1std_scaled_seed113_or_tools,robust_mean_1std_scaled_seed113_or_tools,ortools,False,0,,5.001461744308472,6666.499999999999,0.995,ortools_no_solution,180,60,True,6790.297053471086,6805.254491454063,7900.713418923839,7905.601073607675,0
X-n125-k30,124,ortools:nominal_or_tools,nominal_or_tools,ortools,False,0,,5.003805637359619,5536.0,0.9815602836879432,ortools_no_solution,180,60,True,6182.103060403259,6203.205802760405,7268.164911231489,7281.546769180081,1
X-n125-k30,124,ortools:proxy_mean_or_tools,proxy_mean_or_tools,ortools,False,0,,0.0,6182.10306040326,1.0961175639012872,total_load_exceeds_fleet_capacity,180,60,True,6182.103060403259,6203.205802760405,7268.164911231489,7281.546769180081,1
X-n125-k30,124,ortools:quantile_p75_or_tools,quantile_p75_or_tools,ortools,False,0,,0.0,7230.234136441316,1.281956407170446,total_load_exceeds_fleet_capacity,180,60,True,6182.103060403259,6203.205802760405,7268.164911231489,7281.546769180081,1
X-n125-k30,124,ortools:quantile_p90_or_tools,quantile_p90_or_tools,ortools,False,0,,0.0,8745.99767809251,1.5507088081724307,total_load_exceeds_fleet_capacity,180,60,True,6182.103060403259,6203.205802760405,7268.164911231489,7281.546769180081,1
X-n125-k30,124,ortools:robust_mean_1std_or_tools,robust_mean_1std_or_tools,ortools,False,0,,0.0,8218.104349738027,1.4571107003081607,total_load_exceeds_fleet_capacity,180,60,True,6182.103060403259,6203.205802760405,7268.164911231489,7281.546769180081,1
X-n125-k30,124,ortools:robust_mean_2std_or_tools,robust_mean_2std_or_tools,ortools,False,0,,0.0,10254.105639072795,1.818103836715035,single_node_exceeds_capacity,180,60,True,6182.103060403259,6203.205802760405,7268.164911231489,7281.546769180081,1
X-n125-k30,124,ortools:proxy_mean_scaled_or_tools,proxy_mean_scaled_or_tools,ortools,False,0,,5.000779390335083,5611.8,0.995,ortools_no_solution,180,60,True,6182.103060403259,6203.205802760405,7268.164911231489,7281.546769180081,1
X-n125-k30,124,ortools:quantile_p75_scaled_or_tools,quantile_p75_scaled_or_tools,ortools,False,0,,5.001611232757568,5611.8,0.995,ortools_no_solution,180,60,True,6182.103060403259,6203.205802760405,7268.164911231489,7281.546769180081,1
X-n125-k30,124,ortools:quantile_p90_scaled_or_tools,quantile_p90_scaled_or_tools,ortools,False,0,,4.998307943344116,5611.8,0.995,ortools_no_solution,180,60,True,6182.103060403259,6203.205802760405,7268.164911231489,7281.546769180081,1
X-n125-k30,124,ortools:robust_mean_1std_scaled_or_tools,robust_mean_1std_scaled_or_tools,ortools,False,0,,5.005028009414673,5611.8,0.995,ortools_no_solution,180,60,True,6182.103060403259,6203.205802760405,7268.164911231489,7281.546769180081,1
X-n125-k30,124,ortools:robust_mean_2std_scaled_or_tools,robust_mean_2std_scaled_or_tools,ortools,False,0,,5.005258083343506,5611.8,0.995,ortools_no_solution,180,60,True,6182.103060403259,6203.205802760405,7268.164911231489,7281.546769180081,1
X-n125-k30,124,ortools:nominal_seed101_or_tools,nominal_seed101_or_tools,ortools,False,0,,5.000985145568848,5536.0,0.9815602836879432,ortools_no_solution,180,60,True,6182.103060403259,6203.205802760405,7268.164911231489,7281.546769180081,1
X-n125-k30,124,ortools:nominal_seed103_or_tools,nominal_seed103_or_tools,ortools,False,0,,5.003769636154175,5536.0,0.9815602836879432,ortools_no_solution,180,60,True,6182.103060403259,6203.205802760405,7268.164911231489,7281.546769180081,1
X-n125-k30,124,ortools:proxy_mean_scaled_seed109_or_tools,proxy_mean_scaled_seed109_or_tools,ortools,False,0,,4.998448848724365,5611.8,0.995,ortools_no_solution,180,60,True,6182.103060403259,6203.205802760405,7268.164911231489,7281.546769180081,1
X-n125-k30,124,ortools:quantile_p75_scaled_seed107_or_tools,quantile_p75_scaled_seed107_or_tools,ortools,False,0,,5.004154205322266,5611.8,0.995,ortools_no_solution,180,60,True,6182.103060403259,6203.205802760405,7268.164911231489,7281.546769180081,1
X-n125-k30,124,ortools:robust_mean_1std_scaled_seed113_or_tools,robust_mean_1std_scaled_seed113_or_tools,ortools,False,0,,5.001046657562256,5611.8,0.995,ortools_no_solution,180,60,True,6182.103060403259,6203.205802760405,7268.164911231489,7281.546769180081,1
X-n172-k51,171,ortools:nominal_or_tools,nominal_or_tools,ortools,False,0,,5.008580684661865,8092.0,0.9855072463768116,ortools_no_solution,180,60,True,8940.753355705163,8973.51189389768,10555.133107634168,10558.231958496386,1
X-n172-k51,171,ortools:proxy_mean_or_tools,proxy_mean_or_tools,ortools,False,0,,0.0,8940.753355705163,1.0888750889910075,total_load_exceeds_fleet_capacity,180,60,True,8940.753355705163,8973.51189389768,10555.133107634168,10558.231958496386,1
X-n172-k51,171,ortools:quantile_p75_or_tools,quantile_p75_or_tools,ortools,False,0,,0.0,10437.65599531064,1.2711796365011132,total_load_exceeds_fleet_capacity,180,60,True,8940.753355705163,8973.51189389768,10555.133107634168,10558.231958496386,1
X-n172-k51,171,ortools:quantile_p90_or_tools,quantile_p90_or_tools,ortools,False,0,,0.0,12539.102350302226,1.527110260662797,single_node_exceeds_capacity,180,60,True,8940.753355705163,8973.51189389768,10555.133107634168,10558.231958496386,1
X-n172-k51,171,ortools:robust_mean_1std_or_tools,robust_mean_1std_or_tools,ortools,False,0,,0.0,11697.12248654654,1.424567347040134,total_load_exceeds_fleet_capacity,180,60,True,8940.753355705163,8973.51189389768,10555.133107634168,10558.231958496386,1
X-n172-k51,171,ortools:robust_mean_2std_or_tools,robust_mean_2std_or_tools,ortools,False,0,,0.0,14453.491617387914,1.76025960508926,single_node_exceeds_capacity,180,60,True,8940.753355705163,8973.51189389768,10555.133107634168,10558.231958496386,1
X-n172-k51,171,ortools:proxy_mean_scaled_or_tools,proxy_mean_scaled_or_tools,ortools,False,0,,5.000943660736084,8169.945,0.995,ortools_no_solution,180,60,True,8940.753355705163,8973.51189389768,10555.133107634168,10558.231958496386,1
X-n172-k51,171,ortools:quantile_p75_scaled_or_tools,quantile_p75_scaled_or_tools,ortools,False,0,,4.997370481491089,8169.944999999999,0.995,ortools_no_solution,180,60,True,8940.753355705163,8973.51189389768,10555.133107634168,10558.231958496386,1
X-n172-k51,171,ortools:quantile_p90_scaled_or_tools,quantile_p90_scaled_or_tools,ortools,False,0,,5.001020669937134,8169.945000000002,0.9950000000000004,ortools_no_solution,180,60,True,8940.753355705163,8973.51189389768,10555.133107634168,10558.231958496386,1
X-n172-k51,171,ortools:robust_mean_1std_scaled_or_tools,robust_mean_1std_scaled_or_tools,ortools,False,0,,4.998400926589966,8169.944999999999,0.995,ortools_no_solution,180,60,True,8940.753355705163,8973.51189389768,10555.133107634168,10558.231958496386,1
X-n172-k51,171,ortools:robust_mean_2std_scaled_or_tools,robust_mean_2std_scaled_or_tools,ortools,False,0,,5.005410194396973,8169.945000000001,0.995,ortools_no_solution,180,60,True,8940.753355705163,8973.51189389768,10555.133107634168,10558.231958496386,1
X-n172-k51,171,ortools:nominal_seed101_or_tools,nominal_seed101_or_tools,ortools,False,0,,5.003988027572632,8092.0,0.9855072463768116,ortools_no_solution,180,60,True,8940.753355705163,8973.51189389768,10555.133107634168,10558.231958496386,1
X-n172-k51,171,ortools:nominal_seed103_or_tools,nominal_seed103_or_tools,ortools,False,0,,4.994479656219482,8092.0,0.9855072463768116,ortools_no_solution,180,60,True,8940.753355705163,8973.51189389768,10555.133107634168,10558.231958496386,1
X-n172-k51,171,ortools:proxy_mean_scaled_seed109_or_tools,proxy_mean_scaled_seed109_or_tools,ortools,False,0,,5.014042854309082,8169.945,0.995,ortools_no_solution,180,60,True,8940.753355705163,8973.51189389768,10555.133107634168,10558.231958496386,1
X-n172-k51,171,ortools:quantile_p75_scaled_seed107_or_tools,quantile_p75_scaled_seed107_or_tools,ortools,False,0,,5.007828712463379,8169.944999999999,0.995,ortools_no_solution,180,60,True,8940.753355705163,8973.51189389768,10555.133107634168,10558.231958496386,1
X-n172-k51,171,ortools:robust_mean_1std_scaled_seed113_or_tools,robust_mean_1std_scaled_seed113_or_tools,ortools,False,0,,5.002799272537232,8169.944999999999,0.995,ortools_no_solution,180,60,True,8940.753355705163,8973.51189389768,10555.133107634168,10558.231958496386,1
X-n214-k11,213,ortools:nominal_or_tools,nominal_or_tools,ortools,True,11,12859.0,4.997620344161987,10356.0,0.9973035439137136,,180,60,True,11525.098152614886,11542.610363831476,13483.907107768657,13521.958776987056,1
X-n214-k11,213,ortools:proxy_mean_or_tools,proxy_mean_or_tools,ortools,False,0,,0.0,11525.098152614884,1.1098900378095995,total_load_exceeds_fleet_capacity,180,60,True,11525.098152614886,11542.610363831476,13483.907107768657,13521.958776987056,1
X-n214-k11,213,ortools:quantile_p75_or_tools,quantile_p75_or_tools,ortools,False,0,,0.0,13448.833125379762,1.295149569085108,total_load_exceeds_fleet_capacity,180,60,True,11525.098152614886,11542.610363831476,13483.907107768657,13521.958776987056,1
X-n214-k11,213,ortools:quantile_p90_or_tools,quantile_p90_or_tools,ortools,False,0,,0.0,16177.996895508682,1.557973506886429,total_load_exceeds_fleet_capacity,180,60,True,11525.098152614886,11542.610363831476,13483.907107768657,13521.958776987056,1
X-n214-k11,213,ortools:robust_mean_1std_or_tools,robust_mean_1std_or_tools,ortools,False,0,,0.0,15093.165872066516,1.453502106323817,total_load_exceeds_fleet_capacity,180,60,True,11525.098152614886,11542.610363831476,13483.907107768657,13521.958776987056,1
X-n214-k11,213,ortools:robust_mean_2std_or_tools,robust_mean_2std_or_tools,ortools,False,0,,0.0,18661.233591518147,1.7971141748380342,total_load_exceeds_fleet_capacity,180,60,True,11525.098152614886,11542.610363831476,13483.907107768657,13521.958776987056,1
X-n214-k11,213,ortools:proxy_mean_scaled_or_tools,proxy_mean_scaled_or_tools,ortools,False,0,,5.006700038909912,10332.080000000002,0.9950000000000002,ortools_no_solution,180,60,True,11525.098152614886,11542.610363831476,13483.907107768657,13521.958776987056,1
X-n214-k11,213,ortools:quantile_p75_scaled_or_tools,quantile_p75_scaled_or_tools,ortools,True,11,13083.0,5.001141548156738,10332.080000000002,0.9950000000000002,,180,60,True,11525.098152614886,11542.610363831476,13483.907107768657,13521.958776987056,1
X-n214-k11,213,ortools:quantile_p90_scaled_or_tools,quantile_p90_scaled_or_tools,ortools,True,11,12479.0,5.01072883605957,10332.080000000002,0.9950000000000002,,180,60,True,11525.098152614886,11542.610363831476,13483.907107768657,13521.958776987056,1
X-n214-k11,213,ortools:robust_mean_1std_scaled_or_tools,robust_mean_1std_scaled_or_tools,ortools,True,11,13723.0,5.010787725448608,10332.079999999998,0.9949999999999998,,180,60,True,11525.098152614886,11542.610363831476,13483.907107768657,13521.958776987056,1
X-n214-k11,213,ortools:robust_mean_2std_scaled_or_tools,robust_mean_2std_scaled_or_tools,ortools,True,11,13222.0,5.0007054805755615,10332.08,0.995,,180,60,True,11525.098152614886,11542.610363831476,13483.907107768657,13521.958776987056,1
X-n214-k11,213,ortools:nominal_seed101_or_tools,nominal_seed101_or_tools,ortools,True,11,12826.0,4.995000839233398,10356.0,0.9973035439137136,,180,60,True,11525.098152614886,11542.610363831476,13483.907107768657,13521.958776987056,1
X-n214-k11,213,ortools:nominal_seed103_or_tools,nominal_seed103_or_tools,ortools,True,11,12995.0,5.001307010650635,10356.0,0.9973035439137136,,180,60,True,11525.098152614886,11542.610363831476,13483.907107768657,13521.958776987056,1
X-n214-k11,213,ortools:proxy_mean_scaled_seed109_or_tools,proxy_mean_scaled_seed109_or_tools,ortools,True,11,13296.0,4.99175763130188,10332.080000000002,0.9950000000000002,,180,60,True,11525.098152614886,11542.610363831476,13483.907107768657,13521.958776987056,1
X-n214-k11,213,ortools:quantile_p75_scaled_seed107_or_tools,quantile_p75_scaled_seed107_or_tools,ortools,True,11,12734.0,5.000900268554688,10332.080000000002,0.9950000000000002,,180,60,True,11525.098152614886,11542.610363831476,13483.907107768657,13521.958776987056,1
X-n214-k11,213,ortools:robust_mean_1std_scaled_seed113_or_tools,robust_mean_1std_scaled_seed113_or_tools,ortools,True,11,12782.0,5.0031898021698,10332.079999999998,0.9949999999999998,,180,60,True,11525.098152614886,11542.610363831476,13483.907107768657,13521.958776987056,1
X-n256-k16,255,ortools:nominal_or_tools,nominal_or_tools,ortools,False,0,,5.000999927520752,19514.0,0.9956122448979592,ortools_no_solution,180,60,True,21883.368907411048,21983.39121850273,25370.31290291748,25410.61753740374,1
X-n256-k16,255,ortools:proxy_mean_or_tools,proxy_mean_or_tools,ortools,False,0,,0.0,21883.368907411044,1.1164984136434206,total_load_exceeds_fleet_capacity,180,60,True,21883.368907411048,21983.39121850273,25370.31290291748,25410.61753740374,1
X-n256-k16,255,ortools:quantile_p75_or_tools,quantile_p75_or_tools,ortools,False,0,,0.0,25234.389637025568,1.2874688590319168,total_load_exceeds_fleet_capacity,180,60,True,21883.368907411048,21983.39121850273,25370.31290291748,25410.61753740374,1
X-n256-k16,255,ortools:quantile_p90_or_tools,quantile_p90_or_tools,ortools,False,0,,0.0,30133.99202680373,1.5374485727961087,total_load_exceeds_fleet_capacity,180,60,True,21883.368907411048,21983.39121850273,25370.31290291748,25410.61753740374,1
X-n256-k16,255,ortools:robust_mean_1std_or_tools,robust_mean_1std_or_tools,ortools,False,0,,0.0,28267.664075556146,1.442227758956946,total_load_exceeds_fleet_capacity,180,60,True,21883.368907411048,21983.39121850273,25370.31290291748,25410.61753740374,1
X-n256-k16,255,ortools:robust_mean_2std_or_tools,robust_mean_2std_or_tools,ortools,False,0,,0.0,34651.95924370125,1.7679571042704718,total_load_exceeds_fleet_capacity,180,60,True,21883.368907411048,21983.39121850273,25370.31290291748,25410.61753740374,1
X-n256-k16,255,ortools:proxy_mean_scaled_or_tools,proxy_mean_scaled_or_tools,ortools,False,0,,5.000485181808472,19502.0,0.995,ortools_no_solution,180,60,True,21883.368907411048,21983.39121850273,25370.31290291748,25410.61753740374,1
X-n256-k16,255,ortools:quantile_p75_scaled_or_tools,quantile_p75_scaled_or_tools,ortools,False,0,,4.995683670043945,19502.000000000004,0.9950000000000002,ortools_no_solution,180,60,True,21883.368907411048,21983.39121850273,25370.31290291748,25410.61753740374,1
X-n256-k16,255,ortools:quantile_p90_scaled_or_tools,quantile_p90_scaled_or_tools,ortools,False,0,,5.005692720413208,19502.000000000004,0.9950000000000002,ortools_no_solution,180,60,True,21883.368907411048,21983.39121850273,25370.31290291748,25410.61753740374,1
X-n256-k16,255,ortools:robust_mean_1std_scaled_or_tools,robust_mean_1std_scaled_or_tools,ortools,False,0,,5.007359743118286,19502.000000000004,0.9950000000000002,ortools_no_solution,180,60,True,21883.368907411048,21983.39121850273,25370.31290291748,25410.61753740374,1
X-n256-k16,255,ortools:robust_mean_2std_scaled_or_tools,robust_mean_2std_scaled_or_tools,ortools,False,0,,5.018081188201904,19502.0,0.995,ortools_no_solution,180,60,True,21883.368907411048,21983.39121850273,25370.31290291748,25410.61753740374,1
X-n256-k16,255,ortools:nominal_seed101_or_tools,nominal_seed101_or_tools,ortools,False,0,,5.004551887512207,19514.0,0.9956122448979592,ortools_no_solution,180,60,True,21883.368907411048,21983.39121850273,25370.31290291748,25410.61753740374,1
X-n256-k16,255,ortools:nominal_seed103_or_tools,nominal_seed103_or_tools,ortools,False,0,,5.005890846252441,19514.0,0.9956122448979592,ortools_no_solution,180,60,True,21883.368907411048,21983.39121850273,25370.31290291748,25410.61753740374,1
X-n256-k16,255,ortools:proxy_mean_scaled_seed109_or_tools,proxy_mean_scaled_seed109_or_tools,ortools,False,0,,5.003345489501953,19502.0,0.995,ortools_no_solution,180,60,True,21883.368907411048,21983.39121850273,25370.31290291748,25410.61753740374,1
X-n256-k16,255,ortools:quantile_p75_scaled_seed107_or_tools,quantile_p75_scaled_seed107_or_tools,ortools,False,0,,5.009440183639526,19502.000000000004,0.9950000000000002,ortools_no_solution,180,60,True,21883.368907411048,21983.39121850273,25370.31290291748,25410.61753740374,1
X-n256-k16,255,ortools:robust_mean_1std_scaled_seed113_or_tools,robust_mean_1std_scaled_seed113_or_tools,ortools,False,0,,5.010273218154907,19502.000000000004,0.9950000000000002,ortools_no_solution,180,60,True,21883.368907411048,21983.39121850273,25370.31290291748,25410.61753740374,1
X-n148-k46,147,ortools:nominal_or_tools,nominal_or_tools,ortools,False,0,,5.00552225112915,817.0,0.9867149758454108,ortools_no_solution,180,60,True,916.5654169475524,917.3025146472108,1115.084444950434,1120.0128820915663,2
X-n148-k46,147,ortools:proxy_mean_or_tools,proxy_mean_or_tools,ortools,False,0,,0.0,916.565416947552,1.106963063946319,total_load_exceeds_fleet_capacity,180,60,True,916.5654169475524,917.3025146472108,1115.084444950434,1120.0128820915663,2
X-n148-k46,147,ortools:quantile_p75_or_tools,quantile_p75_or_tools,ortools,False,0,,0.0,1069.546951688235,1.2917233716041483,total_load_exceeds_fleet_capacity,180,60,True,916.5654169475524,917.3025146472108,1115.084444950434,1120.0128820915663,2
X-n148-k46,147,ortools:quantile_p90_or_tools,quantile_p90_or_tools,ortools,False,0,,0.0,1293.9845310736196,1.5627832500889125,total_load_exceeds_fleet_capacity,180,60,True,916.5654169475524,917.3025146472108,1115.084444950434,1120.0128820915663,2
X-n148-k46,147,ortools:robust_mean_1std_or_tools,robust_mean_1std_or_tools,ortools,False,0,,0.0,1205.071451066352,1.4554003032202318,total_load_exceeds_fleet_capacity,180,60,True,916.5654169475524,917.3025146472108,1115.084444950434,1120.0128820915663,2
X-n148-k46,147,ortools:robust_mean_2std_or_tools,robust_mean_2std_or_tools,ortools,False,0,,0.0,1493.5774851851522,1.8038375424941453,single_node_exceeds_capacity,180,60,True,916.5654169475524,917.3025146472108,1115.084444950434,1120.0128820915663,2
X-n148-k46,147,ortools:proxy_mean_scaled_or_tools,proxy_mean_scaled_or_tools,ortools,False,0,,4.995882987976074,823.8600000000001,0.995,ortools_no_solution,180,60,True,916.5654169475524,917.3025146472108,1115.084444950434,1120.0128820915663,2
X-n148-k46,147,ortools:quantile_p75_scaled_or_tools,quantile_p75_scaled_or_tools,ortools,False,0,,5.005394697189331,823.86,0.995,ortools_no_solution,180,60,True,916.5654169475524,917.3025146472108,1115.084444950434,1120.0128820915663,2
X-n148-k46,147,ortools:quantile_p90_scaled_or_tools,quantile_p90_scaled_or_tools,ortools,False,0,,0.0,823.8600000000002,0.9950000000000004,total_load_exceeds_fleet_capacity,180,60,True,916.5654169475524,917.3025146472108,1115.084444950434,1120.0128820915663,2
X-n148-k46,147,ortools:robust_mean_1std_scaled_or_tools,robust_mean_1std_scaled_or_tools,ortools,False,0,,0.0,823.8600000000001,0.995,total_load_exceeds_fleet_capacity,180,60,True,916.5654169475524,917.3025146472108,1115.084444950434,1120.0128820915663,2
X-n148-k46,147,ortools:robust_mean_2std_scaled_or_tools,robust_mean_2std_scaled_or_tools,ortools,False,0,,0.0,823.86,0.995,total_load_exceeds_fleet_capacity,180,60,True,916.5654169475524,917.3025146472108,1115.084444950434,1120.0128820915663,2
X-n148-k46,147,ortools:nominal_seed101_or_tools,nominal_seed101_or_tools,ortools,False,0,,5.0053486824035645,817.0,0.9867149758454108,ortools_no_solution,180,60,True,916.5654169475524,917.3025146472108,1115.084444950434,1120.0128820915663,2
X-n148-k46,147,ortools:nominal_seed103_or_tools,nominal_seed103_or_tools,ortools,False,0,,5.001236200332642,817.0,0.9867149758454108,ortools_no_solution,180,60,True,916.5654169475524,917.3025146472108,1115.084444950434,1120.0128820915663,2
X-n148-k46,147,ortools:proxy_mean_scaled_seed109_or_tools,proxy_mean_scaled_seed109_or_tools,ortools,False,0,,5.001206159591675,823.8600000000001,0.995,ortools_no_solution,180,60,True,916.5654169475524,917.3025146472108,1115.084444950434,1120.0128820915663,2
X-n148-k46,147,ortools:quantile_p75_scaled_seed107_or_tools,quantile_p75_scaled_seed107_or_tools,ortools,False,0,,4.999809503555298,823.86,0.995,ortools_no_solution,180,60,True,916.5654169475524,917.3025146472108,1115.084444950434,1120.0128820915663,2
X-n148-k46,147,ortools:robust_mean_1std_scaled_seed113_or_tools,robust_mean_1std_scaled_seed113_or_tools,ortools,False,0,,0.0,823.8600000000001,0.995,total_load_exceeds_fleet_capacity,180,60,True,916.5654169475524,917.3025146472108,1115.084444950434,1120.0128820915663,2
X-n176-k26,175,ortools:nominal_or_tools,nominal_or_tools,ortools,False,0,,5.005374431610107,3632.0,0.9837486457204768,ortools_no_solution,180,60,True,3976.506415843845,3988.8999244824176,4735.9013939153865,4737.121772452003,2
X-n176-k26,175,ortools:proxy_mean_or_tools,proxy_mean_or_tools,ortools,False,0,,0.0,3976.506415843845,1.0770602426445952,total_load_exceeds_fleet_capacity,180,60,True,3976.506415843845,3988.8999244824176,4735.9013939153865,4737.121772452003,2
X-n176-k26,175,ortools:quantile_p75_or_tools,quantile_p75_or_tools,ortools,False,0,,0.0,4664.837079074565,1.2634986671382895,total_load_exceeds_fleet_capacity,180,60,True,3976.506415843845,3988.8999244824176,4735.9013939153865,4737.121772452003,2
X-n176-k26,175,ortools:quantile_p90_or_tools,quantile_p90_or_tools,ortools,False,0,,0.0,5698.562871084598,1.5434894017022205,single_node_exceeds_capacity,180,60,True,3976.506415843845,3988.8999244824176,4735.9013939153865,4737.121772452003,2
X-n176-k26,175,ortools:robust_mean_1std_or_tools,robust_mean_1std_or_tools,ortools,False,0,,0.0,5319.461536539426,1.440807566776659,single_node_exceeds_capacity,180,60,True,3976.506415843845,3988.8999244824176,4735.9013939153865,4737.121772452003,2
X-n176-k26,175,ortools:robust_mean_2std_or_tools,robust_mean_2std_or_tools,ortools,False,0,,0.0,6662.416657235005,1.804554890908723,single_node_exceeds_capacity,180,60,True,3976.506415843845,3988.8999244824176,4735.9013939153865,4737.121772452003,2
X-n176-k26,175,ortools:proxy_mean_scaled_or_tools,proxy_mean_scaled_or_tools,ortools,False,0,,5.005404233932495,3673.54,0.995,ortools_no_solution,180,60,True,3976.506415843845,3988.8999244824176,4735.9013939153865,4737.121772452003,2
X-n176-k26,175,ortools:quantile_p75_scaled_or_tools,quantile_p75_scaled_or_tools,ortools,False,0,,5.0001420974731445,3673.54,0.995,ortools_no_solution,180,60,True,3976.506415843845,3988.8999244824176,4735.9013939153865,4737.121772452003,2
X-n176-k26,175,ortools:quantile_p90_scaled_or_tools,quantile_p90_scaled_or_tools,ortools,False,0,,5.002781391143799,3673.54,0.995,ortools_no_solution,180,60,True,3976.506415843845,3988.8999244824176,4735.9013939153865,4737.121772452003,2
X-n176-k26,175,ortools:robust_mean_1std_scaled_or_tools,robust_mean_1std_scaled_or_tools,ortools,False,0,,0.0,3673.54,0.995,total_load_exceeds_fleet_capacity,180,60,True,3976.506415843845,3988.8999244824176,4735.9013939153865,4737.121772452003,2
X-n176-k26,175,ortools:robust_mean_2std_scaled_or_tools,robust_mean_2std_scaled_or_tools,ortools,False,0,,5.006104469299316,3673.540000000001,0.9950000000000002,ortools_no_solution,180,60,True,3976.506415843845,3988.8999244824176,4735.9013939153865,4737.121772452003,2
X-n176-k26,175,ortools:nominal_seed101_or_tools,nominal_seed101_or_tools,ortools,False,0,,4.994901657104492,3632.0,0.9837486457204768,ortools_no_solution,180,60,True,3976.506415843845,3988.8999244824176,4735.9013939153865,4737.121772452003,2
X-n176-k26,175,ortools:nominal_seed103_or_tools,nominal_seed103_or_tools,ortools,False,0,,5.002341270446777,3632.0,0.9837486457204768,ortools_no_solution,180,60,True,3976.506415843845,3988.8999244824176,4735.9013939153865,4737.121772452003,2
X-n176-k26,175,ortools:proxy_mean_scaled_seed109_or_tools,proxy_mean_scaled_seed109_or_tools,ortools,False,0,,5.002891540527344,3673.54,0.995,ortools_no_solution,180,60,True,3976.506415843845,3988.8999244824176,4735.9013939153865,4737.121772452003,2
X-n176-k26,175,ortools:quantile_p75_scaled_seed107_or_tools,quantile_p75_scaled_seed107_or_tools,ortools,False,0,,5.004984617233276,3673.54,0.995,ortools_no_solution,180,60,True,3976.506415843845,3988.8999244824176,4735.9013939153865,4737.121772452003,2
X-n176-k26,175,ortools:robust_mean_1std_scaled_seed113_or_tools,robust_mean_1std_scaled_seed113_or_tools,ortools,False,0,,0.0,3673.54,0.995,total_load_exceeds_fleet_capacity,180,60,True,3976.506415843845,3988.8999244824176,4735.9013939153865,4737.121772452003,2
X-n219-k73,218,ortools:nominal_or_tools,nominal_or_tools,ortools,True,73,118409.0,4.996356248855591,218.0,0.9954337899543378,,180,60,True,242.376031709029,242.8534714087248,287.4950894029832,287.6885078827544,2
X-n219-k73,218,ortools:proxy_mean_or_tools,proxy_mean_or_tools,ortools,True,73,118409.0,5.00426983833313,242.376031709029,1.106739870817484,,180,60,True,242.376031709029,242.8534714087248,287.4950894029832,287.6885078827544,2
X-n219-k73,218,ortools:quantile_p75_or_tools,quantile_p75_or_tools,ortools,True,73,118409.0,4.996911287307739,279.5538247444189,1.2765014828512278,,180,60,True,242.376031709029,242.8534714087248,287.4950894029832,287.6885078827544,2
X-n219-k73,218,ortools:quantile_p90_or_tools,quantile_p90_or_tools,ortools,False,0,,0.0,332.0597339942772,1.5162544931245536,total_load_exceeds_fleet_capacity,180,60,True,242.376031709029,242.8534714087248,287.4950894029832,287.6885078827544,2
X-n219-k73,218,ortools:robust_mean_1std_or_tools,robust_mean_1std_or_tools,ortools,False,0,,0.0,311.5096280828071,1.4224183930721788,total_load_exceeds_fleet_capacity,180,60,True,242.376031709029,242.8534714087248,287.4950894029832,287.6885078827544,2
X-n219-k73,218,ortools:robust_mean_2std_or_tools,robust_mean_2std_or_tools,ortools,False,0,,0.0,380.64322445658536,1.7380969153268735,total_load_exceeds_fleet_capacity,180,60,True,242.376031709029,242.8534714087248,287.4950894029832,287.6885078827544,2
X-n219-k73,218,ortools:proxy_mean_scaled_or_tools,proxy_mean_scaled_or_tools,ortools,True,73,118409.0,4.998886585235596,217.905,0.995,,180,60,True,242.376031709029,242.8534714087248,287.4950894029832,287.6885078827544,2
X-n219-k73,218,ortools:quantile_p75_scaled_or_tools,quantile_p75_scaled_or_tools,ortools,True,73,118409.0,5.029176473617554,217.905,0.995,,180,60,True,242.376031709029,242.8534714087248,287.4950894029832,287.6885078827544,2
X-n219-k73,218,ortools:quantile_p90_scaled_or_tools,quantile_p90_scaled_or_tools,ortools,True,73,118409.0,5.002725124359131,217.90500000000003,0.995,,180,60,True,242.376031709029,242.8534714087248,287.4950894029832,287.6885078827544,2
X-n219-k73,218,ortools:robust_mean_1std_scaled_or_tools,robust_mean_1std_scaled_or_tools,ortools,True,73,118409.0,4.993685483932495,217.90500000000003,0.995,,180,60,True,242.376031709029,242.8534714087248,287.4950894029832,287.6885078827544,2
X-n219-k73,218,ortools:robust_mean_2std_scaled_or_tools,robust_mean_2std_scaled_or_tools,ortools,True,73,118409.0,4.997030973434448,217.905,0.995,,180,60,True,242.376031709029,242.8534714087248,287.4950894029832,287.6885078827544,2
X-n219-k73,218,ortools:nominal_seed101_or_tools,nominal_seed101_or_tools,ortools,True,73,118147.0,5.008578062057495,218.0,0.9954337899543378,,180,60,True,242.376031709029,242.8534714087248,287.4950894029832,287.6885078827544,2
X-n219-k73,218,ortools:nominal_seed103_or_tools,nominal_seed103_or_tools,ortools,True,73,118124.0,4.996567487716675,218.0,0.9954337899543378,,180,60,True,242.376031709029,242.8534714087248,287.4950894029832,287.6885078827544,2
X-n219-k73,218,ortools:proxy_mean_scaled_seed109_or_tools,proxy_mean_scaled_seed109_or_tools,ortools,True,73,118395.0,5.001729965209961,217.905,0.995,,180,60,True,242.376031709029,242.8534714087248,287.4950894029832,287.6885078827544,2
X-n219-k73,218,ortools:quantile_p75_scaled_seed107_or_tools,quantile_p75_scaled_seed107_or_tools,ortools,True,73,118477.0,4.988832473754883,217.905,0.995,,180,60,True,242.376031709029,242.8534714087248,287.4950894029832,287.6885078827544,2
X-n219-k73,218,ortools:robust_mean_1std_scaled_seed113_or_tools,robust_mean_1std_scaled_seed113_or_tools,ortools,True,73,118129.0,4.997730016708374,217.90500000000003,0.995,,180,60,True,242.376031709029,242.8534714087248,287.4950894029832,287.6885078827544,2
X-n266-k58,265,ortools:nominal_or_tools,nominal_or_tools,ortools,False,0,,4.994903087615967,2015.0,0.9926108374384236,ortools_no_solution,180,60,True,2224.378262414001,2226.078225706277,2602.774545864745,2604.041022210825,2
X-n266-k58,265,ortools:proxy_mean_or_tools,proxy_mean_or_tools,ortools,False,0,,0.0,2224.3782624140013,1.0957528386275868,total_load_exceeds_fleet_capacity,180,60,True,2224.378262414001,2226.078225706277,2602.774545864745,2604.041022210825,2
X-n266-k58,265,ortools:quantile_p75_or_tools,quantile_p75_or_tools,ortools,False,0,,0.0,2579.37737613082,1.270629249325527,total_load_exceeds_fleet_capacity,180,60,True,2224.378262414001,2226.078225706277,2602.774545864745,2604.041022210825,2
X-n266-k58,265,ortools:quantile_p90_or_tools,quantile_p90_or_tools,ortools,False,0,,0.0,3066.6940663187142,1.5106867321767066,total_load_exceeds_fleet_capacity,180,60,True,2224.378262414001,2226.078225706277,2602.774545864745,2604.041022210825,2
X-n266-k58,265,ortools:robust_mean_1std_or_tools,robust_mean_1std_or_tools,ortools,False,0,,0.0,2872.6557950280667,1.4151013768611167,total_load_exceeds_fleet_capacity,180,60,True,2224.378262414001,2226.078225706277,2602.774545864745,2604.041022210825,2
X-n266-k58,265,ortools:robust_mean_2std_or_tools,robust_mean_2std_or_tools,ortools,False,0,,0.0,3520.933327642133,1.7344499150946469,total_load_exceeds_fleet_capacity,180,60,True,2224.378262414001,2226.078225706277,2602.774545864745,2604.041022210825,2
X-n266-k58,265,ortools:proxy_mean_scaled_or_tools,proxy_mean_scaled_or_tools,ortools,False,0,,5.002355098724365,2019.85,0.995,ortools_no_solution,180,60,True,2224.378262414001,2226.078225706277,2602.774545864745,2604.041022210825,2
X-n266-k58,265,ortools:quantile_p75_scaled_or_tools,quantile_p75_scaled_or_tools,ortools,False,0,,0.0,2019.85,0.995,total_load_exceeds_fleet_capacity,180,60,True,2224.378262414001,2226.078225706277,2602.774545864745,2604.041022210825,2
X-n266-k58,265,ortools:quantile_p90_scaled_or_tools,quantile_p90_scaled_or_tools,ortools,False,0,,0.0,2019.8500000000004,0.9950000000000002,total_load_exceeds_fleet_capacity,180,60,True,2224.378262414001,2226.078225706277,2602.774545864745,2604.041022210825,2
X-n266-k58,265,ortools:robust_mean_1std_scaled_or_tools,robust_mean_1std_scaled_or_tools,ortools,False,0,,0.0,2019.85,0.995,total_load_exceeds_fleet_capacity,180,60,True,2224.378262414001,2226.078225706277,2602.774545864745,2604.041022210825,2
X-n266-k58,265,ortools:robust_mean_2std_scaled_or_tools,robust_mean_2std_scaled_or_tools,ortools,False,0,,4.992842435836792,2019.85,0.995,ortools_no_solution,180,60,True,2224.378262414001,2226.078225706277,2602.774545864745,2604.041022210825,2
X-n266-k58,265,ortools:nominal_seed101_or_tools,nominal_seed101_or_tools,ortools,False,0,,5.001909255981445,2015.0,0.9926108374384236,ortools_no_solution,180,60,True,2224.378262414001,2226.078225706277,2602.774545864745,2604.041022210825,2
X-n266-k58,265,ortools:nominal_seed103_or_tools,nominal_seed103_or_tools,ortools,False,0,,5.003597021102905,2015.0,0.9926108374384236,ortools_no_solution,180,60,True,2224.378262414001,2226.078225706277,2602.774545864745,2604.041022210825,2
X-n266-k58,265,ortools:proxy_mean_scaled_seed109_or_tools,proxy_mean_scaled_seed109_or_tools,ortools,False,0,,5.004221677780151,2019.85,0.995,ortools_no_solution,180,60,True,2224.378262414001,2226.078225706277,2602.774545864745,2604.041022210825,2
X-n266-k58,265,ortools:quantile_p75_scaled_seed107_or_tools,quantile_p75_scaled_seed107_or_tools,ortools,False,0,,0.0,2019.85,0.995,total_load_exceeds_fleet_capacity,180,60,True,2224.378262414001,2226.078225706277,2602.774545864745,2604.041022210825,2
X-n266-k58,265,ortools:robust_mean_1std_scaled_seed113_or_tools,robust_mean_1std_scaled_seed113_or_tools,ortools,False,0,,0.0,2019.85,0.995,total_load_exceeds_fleet_capacity,180,60,True,2224.378262414001,2226.078225706277,2602.774545864745,2604.041022210825,2
X-n153-k22,152,ortools:nominal_or_tools,nominal_or_tools,ortools,False,0,,4.998455286026001,3068.0,0.9684343434343434,ortools_no_solution,180,60,True,3432.728094979355,3434.658018280813,4042.2670573473,4044.685088686257,3
X-n153-k22,152,ortools:proxy_mean_or_tools,proxy_mean_or_tools,ortools,False,0,,0.0,3432.728094979355,1.0835631612939882,total_load_exceeds_fleet_capacity,180,60,True,3432.728094979355,3434.658018280813,4042.2670573473,4044.685088686257,3
X-n153-k22,152,ortools:quantile_p75_or_tools,quantile_p75_or_tools,ortools,False,0,,0.0,4041.441502944223,1.2757075451212825,total_load_exceeds_fleet_capacity,180,60,True,3432.728094979355,3434.658018280813,4042.2670573473,4044.685088686257,3
X-n153-k22,152,ortools:quantile_p90_or_tools,quantile_p90_or_tools,ortools,False,0,,0.0,4943.014014882998,1.560294827930239,single_node_exceeds_capacity,180,60,True,3432.728094979355,3434.658018280813,4042.2670573473,4044.685088686257,3
X-n153-k22,152,ortools:robust_mean_1std_or_tools,robust_mean_1std_or_tools,ortools,False,0,,0.0,4583.650918944637,1.4468595072426254,single_node_exceeds_capacity,180,60,True,3432.728094979355,3434.658018280813,4042.2670573473,4044.685088686257,3
X-n153-k22,152,ortools:robust_mean_2std_or_tools,robust_mean_2std_or_tools,ortools,False,0,,0.0,5734.573742909919,1.8101558531912625,single_node_exceeds_capacity,180,60,True,3432.728094979355,3434.658018280813,4042.2670573473,4044.685088686257,3
X-n153-k22,152,ortools:proxy_mean_scaled_or_tools,proxy_mean_scaled_or_tools,ortools,False,0,,4.997665643692017,3152.1600000000003,0.995,ortools_no_solution,180,60,True,3432.728094979355,3434.658018280813,4042.2670573473,4044.685088686257,3
X-n153-k22,152,ortools:quantile_p75_scaled_or_tools,quantile_p75_scaled_or_tools,ortools,False,0,,5.005731582641602,3152.1600000000003,0.995,ortools_no_solution,180,60,True,3432.728094979355,3434.658018280813,4042.2670573473,4044.685088686257,3
X-n153-k22,152,ortools:quantile_p90_scaled_or_tools,quantile_p90_scaled_or_tools,ortools,False,0,,5.005327939987183,3152.16,0.995,ortools_no_solution,180,60,True,3432.728094979355,3434.658018280813,4042.2670573473,4044.685088686257,3
X-n153-k22,152,ortools:robust_mean_1std_scaled_or_tools,robust_mean_1std_scaled_or_tools,ortools,False,0,,5.0055012702941895,3152.1599999999994,0.9949999999999998,ortools_no_solution,180,60,True,3432.728094979355,3434.658018280813,4042.2670573473,4044.685088686257,3
X-n153-k22,152,ortools:robust_mean_2std_scaled_or_tools,robust_mean_2std_scaled_or_tools,ortools,False,0,,5.005258083343506,3152.16,0.995,ortools_no_solution,180,60,True,3432.728094979355,3434.658018280813,4042.2670573473,4044.685088686257,3
X-n153-k22,152,ortools:nominal_seed101_or_tools,nominal_seed101_or_tools,ortools,False,0,,4.998453855514526,3068.0,0.9684343434343434,ortools_no_solution,180,60,True,3432.728094979355,3434.658018280813,4042.2670573473,4044.685088686257,3
X-n153-k22,152,ortools:nominal_seed103_or_tools,nominal_seed103_or_tools,ortools,False,0,,4.999442100524902,3068.0,0.9684343434343434,ortools_no_solution,180,60,True,3432.728094979355,3434.658018280813,4042.2670573473,4044.685088686257,3
X-n153-k22,152,ortools:proxy_mean_scaled_seed109_or_tools,proxy_mean_scaled_seed109_or_tools,ortools,False,0,,5.005349397659302,3152.1600000000003,0.995,ortools_no_solution,180,60,True,3432.728094979355,3434.658018280813,4042.2670573473,4044.685088686257,3
X-n153-k22,152,ortools:quantile_p75_scaled_seed107_or_tools,quantile_p75_scaled_seed107_or_tools,ortools,False,0,,4.998797655105591,3152.1600000000003,0.995,ortools_no_solution,180,60,True,3432.728094979355,3434.658018280813,4042.2670573473,4044.685088686257,3
X-n153-k22,152,ortools:robust_mean_1std_scaled_seed113_or_tools,robust_mean_1std_scaled_seed113_or_tools,ortools,False,0,,5.001899003982544,3152.1599999999994,0.9949999999999998,ortools_no_solution,180,60,True,3432.728094979355,3434.658018280813,4042.2670573473,4044.685088686257,3
X-n195-k51,194,ortools:nominal_or_tools,nominal_or_tools,ortools,False,0,,5.008038759231567,9208.0,0.9975083956234428,ortools_no_solution,180,60,True,10238.860587675676,10288.356806483622,11994.112443601494,12006.505125394722,3
X-n195-k51,194,ortools:proxy_mean_or_tools,proxy_mean_or_tools,ortools,False,0,,0.0,10238.860587675676,1.109182167444012,total_load_exceeds_fleet_capacity,180,60,True,10238.860587675676,10288.356806483622,11994.112443601494,12006.505125394722,3
X-n195-k51,194,ortools:quantile_p75_or_tools,quantile_p75_or_tools,ortools,False,0,,0.0,11948.650928361429,1.2944048237852268,total_load_exceeds_fleet_capacity,180,60,True,10238.860587675676,10288.356806483622,11994.112443601494,12006.505125394722,3
X-n195-k51,194,ortools:quantile_p90_or_tools,quantile_p90_or_tools,ortools,False,0,,0.0,14431.559498694682,1.563379861195394,total_load_exceeds_fleet_capacity,180,60,True,10238.860587675676,10288.356806483622,11994.112443601494,12006.505125394722,3
X-n195-k51,194,ortools:robust_mean_1std_or_tools,robust_mean_1std_or_tools,ortools,False,0,,0.0,13480.544555588076,1.460355817959926,total_load_exceeds_fleet_capacity,180,60,True,10238.860587675676,10288.356806483622,11994.112443601494,12006.505125394722,3
X-n195-k51,194,ortools:robust_mean_2std_or_tools,robust_mean_2std_or_tools,ortools,False,0,,0.0,16722.228523500475,1.81152946847584,single_node_exceeds_capacity,180,60,True,10238.860587675676,10288.356806483622,11994.112443601494,12006.505125394722,3
X-n195-k51,194,ortools:proxy_mean_scaled_or_tools,proxy_mean_scaled_or_tools,ortools,False,0,,5.002254009246826,9184.845,0.995,ortools_no_solution,180,60,True,10238.860587675676,10288.356806483622,11994.112443601494,12006.505125394722,3
X-n195-k51,194,ortools:quantile_p75_scaled_or_tools,quantile_p75_scaled_or_tools,ortools,False,0,,4.997903823852539,9184.844999999998,0.9949999999999998,ortools_no_solution,180,60,True,10238.860587675676,10288.356806483622,11994.112443601494,12006.505125394722,3
X-n195-k51,194,ortools:quantile_p90_scaled_or_tools,quantile_p90_scaled_or_tools,ortools,False,0,,5.001020669937134,9184.845,0.995,ortools_no_solution,180,60,True,10238.860587675676,10288.356806483622,11994.112443601494,12006.505125394722,3
X-n195-k51,194,ortools:robust_mean_1std_scaled_or_tools,robust_mean_1std_scaled_or_tools,ortools,False,0,,4.998400926589966,9184.844999999998,0.9949999999999998,ortools_no_solution,180,60,True,10238.860587675676,10288.356806483622,11994.112443601494,12006.505125394722,3
X-n195-k51,194,ortools:robust_mean_2std_scaled_or_tools,robust_mean_2std_scaled_or_tools,ortools,False,0,,5.010386943817139,9184.844999999998,0.9949999999999998,ortools_no_solution,180,60,True,10238.860587675676,10288.356806483622,11994.112443601494,12006.505125394722,3
X-n195-k51,194,ortools:nominal_seed101_or_tools,nominal_seed101_or_tools,ortools,False,0,,5.003988027572632,9208.0,0.9975083956234428,ortools_no_solution,180,60,True,10238.860587675676,10288.356806483622,11994.112443601494,12006.505125394722,3
X-n195-k51,194,ortools:nominal_seed103_or_tools,nominal_seed103_or_tools,ortools,False,0,,5.010005474090576,9208.0,0.9975083956234428,ortools_no_solution,180,60,True,10238.860587675676,10288.356806483622,11994.112443601494,12006.505125394722,3
X-n195-k51,194,ortools:proxy_mean_scaled_seed109_or_tools,proxy_mean_scaled_seed109_or_tools,ortools,False,0,,5.014042854309082,9184.845,0.995,ortools_no_solution,180,60,True,10238.860587675676,10288.356806483622,11994.112443601494,12006.505125394722,3
X-n195-k51,194,ortools:quantile_p75_scaled_seed107_or_tools,quantile_p75_scaled_seed107_or_tools,ortools,False,0,,5.007828712463379,9184.844999999998,0.9949999999999998,ortools_no_solution,180,60,True,10238.860587675676,10288.356806483622,11994.112443601494,12006.505125394722,3
X-n195-k51,194,ortools:robust_mean_1std_scaled_seed113_or_tools,robust_mean_1std_scaled_seed113_or_tools,ortools,False,0,,5.002799272537232,9184.844999999998,0.9949999999999998,ortools_no_solution,180,60,True,10238.860587675676,10288.356806483622,11994.112443601494,12006.505125394722,3
X-n233-k16,232,ortools:nominal_or_tools,nominal_or_tools,ortools,False,0,,5.003284454345703,10093.0,0.999702852614897,ortools_no_solution,180,60,True,11334.41800874414,11355.553726611492,13290.364120543143,13318.41245506052,3
X-n233-k16,232,ortools:proxy_mean_or_tools,proxy_mean_or_tools,ortools,False,0,,0.0,11334.41800874414,1.122664224320933,total_load_exceeds_fleet_capacity,180,60,True,11334.41800874414,11355.553726611492,13290.364120543143,13318.41245506052,3
X-n233-k16,232,ortools:quantile_p75_or_tools,quantile_p75_or_tools,ortools,False,0,,0.0,13280.05652661881,1.315378023634985,total_load_exceeds_fleet_capacity,180,60,True,11334.41800874414,11355.553726611492,13290.364120543143,13318.41245506052,3
X-n233-k16,232,ortools:quantile_p90_or_tools,quantile_p90_or_tools,ortools,False,0,,0.0,16005.918678705548,1.5853722938495989,total_load_exceeds_fleet_capacity,180,60,True,11334.41800874414,11355.553726611492,13290.364120543143,13318.41245506052,3
X-n233-k16,232,ortools:robust_mean_1std_or_tools,robust_mean_1std_or_tools,ortools,False,0,,0.0,14932.769901390266,1.4790778428476887,total_load_exceeds_fleet_capacity,180,60,True,11334.41800874414,11355.553726611492,13290.364120543143,13318.41245506052,3
X-n233-k16,232,ortools:robust_mean_2std_or_tools,robust_mean_2std_or_tools,ortools,False,0,,0.0,18531.121794036397,1.8354914613744449,total_load_exceeds_fleet_capacity,180,60,True,11334.41800874414,11355.553726611492,13290.364120543143,13318.41245506052,3
X-n233-k16,232,ortools:proxy_mean_scaled_or_tools,proxy_mean_scaled_or_tools,ortools,True,16,23289.0,5.006700038909912,10045.52,0.995,,180,60,True,11334.41800874414,11355.553726611492,13290.364120543143,13318.41245506052,3
X-n233-k16,232,ortools:quantile_p75_scaled_or_tools,quantile_p75_scaled_or_tools,ortools,False,0,,5.001141548156738,10045.52,0.995,ortools_no_solution,180,60,True,11334.41800874414,11355.553726611492,13290.364120543143,13318.41245506052,3
X-n233-k16,232,ortools:quantile_p90_scaled_or_tools,quantile_p90_scaled_or_tools,ortools,True,16,24085.0,5.01072883605957,10045.520000000002,0.9950000000000002,,180,60,True,11334.41800874414,11355.553726611492,13290.364120543143,13318.41245506052,3
X-n233-k16,232,ortools:robust_mean_1std_scaled_or_tools,robust_mean_1std_scaled_or_tools,ortools,False,0,,5.010787725448608,10045.52,0.995,ortools_no_solution,180,60,True,11334.41800874414,11355.553726611492,13290.364120543143,13318.41245506052,3
X-n233-k16,232,ortools:robust_mean_2std_scaled_or_tools,robust_mean_2std_scaled_or_tools,ortools,True,16,23942.0,4.998700380325317,10045.52,0.995,,180,60,True,11334.41800874414,11355.553726611492,13290.364120543143,13318.41245506052,3
X-n233-k16,232,ortools:nominal_seed101_or_tools,nominal_seed101_or_tools,ortools,False,0,,5.000516891479492,10093.0,0.999702852614897,ortools_no_solution,180,60,True,11334.41800874414,11355.553726611492,13290.364120543143,13318.41245506052,3
X-n233-k16,232,ortools:nominal_seed103_or_tools,nominal_seed103_or_tools,ortools,False,0,,4.993174314498901,10093.0,0.999702852614897,ortools_no_solution,180,60,True,11334.41800874414,11355.553726611492,13290.364120543143,13318.41245506052,3
X-n233-k16,232,ortools:proxy_mean_scaled_seed109_or_tools,proxy_mean_scaled_seed109_or_tools,ortools,True,16,24971.0,5.001018762588501,10045.52,0.995,,180,60,True,11334.41800874414,11355.553726611492,13290.364120543143,13318.41245506052,3
X-n233-k16,232,ortools:quantile_p75_scaled_seed107_or_tools,quantile_p75_scaled_seed107_or_tools,ortools,True,16,22235.0,5.004918575286865,10045.52,0.995,,180,60,True,11334.41800874414,11355.553726611492,13290.364120543143,13318.41245506052,3
X-n233-k16,232,ortools:robust_mean_1std_scaled_seed113_or_tools,robust_mean_1std_scaled_seed113_or_tools,ortools,True,16,24229.0,5.00009036064148,10045.52,0.995,,180,60,True,11334.41800874414,11355.553726611492,13290.364120543143,13318.41245506052,3
X-n270-k35,269,ortools:nominal_or_tools,nominal_or_tools,ortools,False,0,,5.004808902740479,20419.0,0.9972649572649572,ortools_no_solution,180,60,True,23040.355544311136,23095.523995042688,27375.02728135898,27433.89173048248,3
X-n270-k35,269,ortools:proxy_mean_or_tools,proxy_mean_or_tools,ortools,False,0,,0.0,23040.355544311136,1.125292090076246,total_load_exceeds_fleet_capacity,180,60,True,23040.355544311136,23095.523995042688,27375.02728135898,27433.89173048248,3
X-n270-k35,269,ortools:quantile_p75_or_tools,quantile_p75_or_tools,ortools,False,0,,0.0,26713.702051813943,1.304698512909106,total_load_exceeds_fleet_capacity,180,60,True,23040.355544311136,23095.523995042688,27375.02728135898,27433.89173048248,3
X-n270-k35,269,ortools:quantile_p90_or_tools,quantile_p90_or_tools,ortools,False,0,,0.0,32010.96922277502,1.563417300257632,total_load_exceeds_fleet_capacity,180,60,True,23040.355544311136,23095.523995042688,27375.02728135898,27433.89173048248,3
X-n270-k35,269,ortools:robust_mean_1std_or_tools,robust_mean_1std_or_tools,ortools,False,0,,0.0,29994.417017623466,1.464928792069522,total_load_exceeds_fleet_capacity,180,60,True,23040.355544311136,23095.523995042688,27375.02728135898,27433.89173048248,3
X-n270-k35,269,ortools:robust_mean_2std_or_tools,robust_mean_2std_or_tools,ortools,False,0,,0.0,36948.47849093578,1.8045654940627975,total_load_exceeds_fleet_capacity,180,60,True,23040.355544311136,23095.523995042688,27375.02728135898,27433.89173048248,3
X-n270-k35,269,ortools:proxy_mean_scaled_or_tools,proxy_mean_scaled_or_tools,ortools,False,0,,5.003449440002441,20372.625,0.995,ortools_no_solution,180,60,True,23040.355544311136,23095.523995042688,27375.02728135898,27433.89173048248,3
X-n270-k35,269,ortools:quantile_p75_scaled_or_tools,quantile_p75_scaled_or_tools,ortools,False,0,,5.000796794891357,20372.625,0.995,ortools_no_solution,180,60,True,23040.355544311136,23095.523995042688,27375.02728135898,27433.89173048248,3
X-n270-k35,269,ortools:quantile_p90_scaled_or_tools,quantile_p90_scaled_or_tools,ortools,False,0,,5.011218070983887,20372.625,0.995,ortools_no_solution,180,60,True,23040.355544311136,23095.523995042688,27375.02728135898,27433.89173048248,3
X-n270-k35,269,ortools:robust_mean_1std_scaled_or_tools,robust_mean_1std_scaled_or_tools,ortools,False,0,,5.0044004917144775,20372.625,0.9949999999999998,ortools_no_solution,180,60,True,23040.355544311136,23095.523995042688,27375.02728135898,27433.89173048248,3
X-n270-k35,269,ortools:robust_mean_2std_scaled_or_tools,robust_mean_2std_scaled_or_tools,ortools,False,0,,4.993428468704224,20372.625,0.995,ortools_no_solution,180,60,True,23040.355544311136,23095.523995042688,27375.02728135898,27433.89173048248,3
X-n270-k35,269,ortools:nominal_seed101_or_tools,nominal_seed101_or_tools,ortools,False,0,,5.000746965408325,20419.0,0.9972649572649572,ortools_no_solution,180,60,True,23040.355544311136,23095.523995042688,27375.02728135898,27433.89173048248,3
X-n270-k35,269,ortools:nominal_seed103_or_tools,nominal_seed103_or_tools,ortools,False,0,,5.014349460601807,20419.0,0.9972649572649572,ortools_no_solution,180,60,True,23040.355544311136,23095.523995042688,27375.02728135898,27433.89173048248,3
X-n270-k35,269,ortools:proxy_mean_scaled_seed109_or_tools,proxy_mean_scaled_seed109_or_tools,ortools,False,0,,4.998211860656738,20372.625,0.995,ortools_no_solution,180,60,True,23040.355544311136,23095.523995042688,27375.02728135898,27433.89173048248,3
X-n270-k35,269,ortools:quantile_p75_scaled_seed107_or_tools,quantile_p75_scaled_seed107_or_tools,ortools,False,0,,5.014533996582031,20372.625,0.995,ortools_no_solution,180,60,True,23040.355544311136,23095.523995042688,27375.02728135898,27433.89173048248,3
X-n270-k35,269,ortools:robust_mean_1std_scaled_seed113_or_tools,robust_mean_1std_scaled_seed113_or_tools,ortools,False,0,,5.013697385787964,20372.625,0.9949999999999998,ortools_no_solution,180,60,True,23040.355544311136,23095.523995042688,27375.02728135898,27433.89173048248,3
